{
  "fio version" : "fio-3.16",
  "timestamp" : 1708234524,
  "timestamp_ms" : 1708234524036,
  "time" : "Sun Feb 18 05:35:24 2024",
  "global options" : {
    "ioengine" : "libaio",
    "allow_mounted_write" : "1",
    "filename" : "/mnt/nvme0n1/fio"
  },
  "jobs" : [
    {
      "jobname" : "Web_Server",
      "groupid" : 0,
      "error" : 0,
      "eta" : 0,
      "elapsed" : 301,
      "job options" : {
        "nice" : "-16",
        "runtime" : "120s",
        "ramp_time" : "180s",
        "direct" : "0",
        "rw" : "randrw",
        "percentage_random" : "99,99",
        "bsrange" : "512-512k,512-512k",
        "iodepth" : "64",
        "size" : "128G"
      },
      "read" : {
        "io_bytes" : 36467859968,
        "io_kbytes" : 35613144,
        "bw_bytes" : 303896300,
        "bw" : 296773,
        "iops" : 1948.408763,
        "runtime" : 120001,
        "total_ios" : 233811,
        "short_ios" : 0,
        "drop_ios" : 0,
        "slat_ns" : {
          "min" : 1042,
          "max" : 83177034,
          "mean" : 375492.428079,
          "stddev" : 1806168.464774
        },
        "clat_ns" : {
          "min" : 1553,
          "max" : 668961708,
          "mean" : 16212175.524067,
          "stddev" : 41919016.947231,
          "percentile" : {
            "1.000000" : 7176192,
            "5.000000" : 8028160,
            "10.000000" : 8585216,
            "20.000000" : 9240576,
            "30.000000" : 9764864,
            "40.000000" : 10289152,
            "50.000000" : 10813440,
            "60.000000" : 11206656,
            "70.000000" : 11730944,
            "80.000000" : 12517376,
            "90.000000" : 13434880,
            "95.000000" : 14483456,
            "99.000000" : 287309824,
            "99.500000" : 379584512,
            "99.900000" : 501219328,
            "99.950000" : 530579456,
            "99.990000" : 583008256
          }
        },
        "lat_ns" : {
          "min" : 17512,
          "max" : 680606644,
          "mean" : 16587818.147889,
          "stddev" : 42924813.861428
        },
        "bw_min" : 6856,
        "bw_max" : 481694,
        "bw_agg" : 100.000000,
        "bw_mean" : 297219.845188,
        "bw_dev" : 192424.515715,
        "bw_samples" : 239,
        "iops_min" : 46,
        "iops_max" : 3439,
        "iops_mean" : 1950.037657,
        "iops_stddev" : 1278.381199,
        "iops_samples" : 239
      },
      "write" : {
        "io_bytes" : 36260662784,
        "io_kbytes" : 35410803,
        "bw_bytes" : 302169671,
        "bw" : 295087,
        "iops" : 1941.283823,
        "runtime" : 120001,
        "total_ios" : 232956,
        "short_ios" : 0,
        "drop_ios" : 0,
        "slat_ns" : {
          "min" : 1072,
          "max" : 29596410,
          "mean" : 135113.427699,
          "stddev" : 546161.601531
        },
        "clat_ns" : {
          "min" : 19376,
          "max" : 652100198,
          "mean" : 16178955.442241,
          "stddev" : 41984132.313722,
          "percentile" : {
            "1.000000" : 7176192,
            "5.000000" : 8028160,
            "10.000000" : 8585216,
            "20.000000" : 9240576,
            "30.000000" : 9764864,
            "40.000000" : 10289152,
            "50.000000" : 10813440,
            "60.000000" : 11206656,
            "70.000000" : 11730944,
            "80.000000" : 12517376,
            "90.000000" : 13434880,
            "95.000000" : 14483456,
            "99.000000" : 283115520,
            "99.500000" : 379584512,
            "99.900000" : 505413632,
            "99.950000" : 549453824,
            "99.990000" : 599785472
          }
        },
        "lat_ns" : {
          "min" : 289773,
          "max" : 652192591,
          "mean" : 16314207.484068,
          "stddev" : 42202194.530009
        },
        "bw_min" : 7466,
        "bw_max" : 500291,
        "bw_agg" : 100.000000,
        "bw_mean" : 295509.552301,
        "bw_dev" : 192236.972014,
        "bw_samples" : 239,
        "iops_min" : 52,
        "iops_max" : 3484,
        "iops_mean" : 1942.732218,
        "iops_stddev" : 1275.765199,
        "iops_samples" : 239
      },
      "trim" : {
        "io_bytes" : 0,
        "io_kbytes" : 0,
        "bw_bytes" : 0,
        "bw" : 0,
        "iops" : 0.000000,
        "runtime" : 0,
        "total_ios" : 0,
        "short_ios" : 0,
        "drop_ios" : 0,
        "slat_ns" : {
          "min" : 0,
          "max" : 0,
          "mean" : 0.000000,
          "stddev" : 0.000000
        },
        "clat_ns" : {
          "min" : 0,
          "max" : 0,
          "mean" : 0.000000,
          "stddev" : 0.000000,
          "percentile" : {
            "1.000000" : 0,
            "5.000000" : 0,
            "10.000000" : 0,
            "20.000000" : 0,
            "30.000000" : 0,
            "40.000000" : 0,
            "50.000000" : 0,
            "60.000000" : 0,
            "70.000000" : 0,
            "80.000000" : 0,
            "90.000000" : 0,
            "95.000000" : 0,
            "99.000000" : 0,
            "99.500000" : 0,
            "99.900000" : 0,
            "99.950000" : 0,
            "99.990000" : 0
          }
        },
        "lat_ns" : {
          "min" : 0,
          "max" : 0,
          "mean" : 0.000000,
          "stddev" : 0.000000
        },
        "bw_min" : 0,
        "bw_max" : 0,
        "bw_agg" : 0.000000,
        "bw_mean" : 0.000000,
        "bw_dev" : 0.000000,
        "bw_samples" : 0,
        "iops_min" : 0,
        "iops_max" : 0,
        "iops_mean" : 0.000000,
        "iops_stddev" : 0.000000,
        "iops_samples" : 0
      },
      "sync" : {
        "lat_ns" : {
          "min" : 0,
          "max" : 0,
          "mean" : 0.000000,
          "stddev" : 0.000000,
          "percentile" : {
            "1.000000" : 0,
            "5.000000" : 0,
            "10.000000" : 0,
            "20.000000" : 0,
            "30.000000" : 0,
            "40.000000" : 0,
            "50.000000" : 0,
            "60.000000" : 0,
            "70.000000" : 0,
            "80.000000" : 0,
            "90.000000" : 0,
            "95.000000" : 0,
            "99.000000" : 0,
            "99.500000" : 0,
            "99.900000" : 0,
            "99.950000" : 0,
            "99.990000" : 0
          }
        },
        "total_ios" : 0
      },
      "job_runtime" : 120000,
      "usr_cpu" : 1.324167,
      "sys_cpu" : 25.932500,
      "ctx" : 343533,
      "majf" : 0,
      "minf" : 15,
      "iodepth_level" : {
        "1" : 0.000000,
        "2" : 0.000000,
        "4" : 0.000000,
        "8" : 0.000000,
        "16" : 0.000000,
        "32" : 0.000000,
        ">=64" : 100.000000
      },
      "iodepth_submit" : {
        "0" : 0.000000,
        "4" : 100.000000,
        "8" : 0.000000,
        "16" : 0.000000,
        "32" : 0.000000,
        "64" : 0.000000,
        ">=64" : 0.000000
      },
      "iodepth_complete" : {
        "0" : 0.000000,
        "4" : 99.999786,
        "8" : 0.000000,
        "16" : 0.000000,
        "32" : 0.000000,
        "64" : 0.100000,
        ">=64" : 0.000000
      },
      "latency_ns" : {
        "2" : 0.000000,
        "4" : 0.000000,
        "10" : 0.000000,
        "20" : 0.000000,
        "50" : 0.000000,
        "100" : 0.000000,
        "250" : 0.000000,
        "500" : 0.000000,
        "750" : 0.000000,
        "1000" : 0.000000
      },
      "latency_us" : {
        "2" : 0.010000,
        "4" : 0.000000,
        "10" : 0.000000,
        "20" : 0.010000,
        "50" : 0.000000,
        "100" : 0.000000,
        "250" : 0.000000,
        "500" : 0.010000,
        "750" : 0.010000,
        "1000" : 0.010000
      },
      "latency_ms" : {
        "2" : 0.010000,
        "4" : 0.010000,
        "10" : 33.716180,
        "20" : 63.982672,
        "50" : 0.203313,
        "100" : 0.427837,
        "250" : 0.504106,
        "500" : 1.065842,
        "750" : 0.105834,
        "1000" : 0.000000,
        "2000" : 0.000000,