{
  "fio version" : "fio-3.16",
  "timestamp" : 1708237229,
  "timestamp_ms" : 1708237229076,
  "time" : "Sun Feb 18 06:20:29 2024",
  "global options" : {
    "ioengine" : "libaio",
    "allow_mounted_write" : "1",
    "filename" : "/mnt/nvme0n1/fio"
  },
  "jobs" : [
    {
      "jobname" : "Web_Server",
      "groupid" : 0,
      "error" : 0,
      "eta" : 0,
      "elapsed" : 301,
      "job options" : {
        "nice" : "-16",
        "runtime" : "120s",
        "ramp_time" : "180s",
        "direct" : "0",
        "rw" : "randrw",
        "percentage_random" : "99,99",
        "bsrange" : "512-512k,512-512k",
        "iodepth" : "64",
        "size" : "128G"
      },
      "read" : {
        "io_bytes" : 24589992960,
        "io_kbytes" : 24013665,
        "bw_bytes" : 204913192,
        "bw" : 200110,
        "iops" : 1410.576490,
        "runtime" : 120002,
        "total_ios" : 169272,
        "short_ios" : 0,
        "drop_ios" : 0,
        "slat_ns" : {
          "min" : 892,
          "max" : 75310935,
          "mean" : 498614.271870,
          "stddev" : 1828131.784016
        },
        "clat_ns" : {
          "min" : 2294,
          "max" : 13162055148,
          "mean" : 22351133.713733,
          "stddev" : 186521651.710629,
          "percentile" : {
            "1.000000" : 10027008,
            "5.000000" : 11075584,
            "10.000000" : 11730944,
            "20.000000" : 12517376,
            "30.000000" : 13172736,
            "40.000000" : 13697024,
            "50.000000" : 14221312,
            "60.000000" : 14876672,
            "70.000000" : 15532032,
            "80.000000" : 16449536,
            "90.000000" : 18219008,
            "95.000000" : 28966912,
            "99.000000" : 221249536,
            "99.500000" : 476053504,
            "99.900000" : 633339904,
            "99.950000" : 683671552,
            "99.990000" : 13086228480
          }
        },
        "lat_ns" : {
          "min" : 1525290,
          "max" : 13162409643,
          "mean" : 22850825.474669,
          "stddev" : 186829589.249019
        },
        "bw_min" : 3575,
        "bw_max" : 364514,
        "bw_agg" : 100.000000,
        "bw_mean" : 223291.711628,
        "bw_dev" : 125947.748300,
        "bw_samples" : 215,
        "iops_min" : 26,
        "iops_max" : 2480,
        "iops_mean" : 1574.423256,
        "iops_stddev" : 915.329751,
        "iops_samples" : 215
      },
      "write" : {
        "io_bytes" : 24523105280,
        "io_kbytes" : 23948345,
        "bw_bytes" : 204355804,
        "bw" : 199566,
        "iops" : 1405.318245,
        "runtime" : 120002,
        "total_ios" : 168641,
        "short_ios" : 0,
        "drop_ios" : 0,
        "slat_ns" : {
          "min" : 1232,
          "max" : 97891859,
          "mean" : 130346.953375,
          "stddev" : 505950.856662
        },
        "clat_ns" : {
          "min" : 1526923,
          "max" : 13162142301,
          "mean" : 22452224.942417,
          "stddev" : 184351939.641433,
          "percentile" : {
            "1.000000" : 10027008,
            "5.000000" : 11206656,
            "10.000000" : 11730944,
            "20.000000" : 12517376,
            "30.000000" : 13172736,
            "40.000000" : 13697024,
            "50.000000" : 14221312,
            "60.000000" : 14876672,
            "70.000000" : 15532032,
            "80.000000" : 16449536,
            "90.000000" : 18219008,
            "95.000000" : 29229056,
            "99.000000" : 250609664,
            "99.500000" : 488636416,
            "99.900000" : 633339904,
            "99.950000" : 683671552,
            "99.990000" : 13086228480
          }
        },
        "lat_ns" : {
          "min" : 1899172,
          "max" : 13162219726,
          "mean" : 22583182.109682,
          "stddev" : 184405359.446515
        },
        "bw_min" : 2077,
        "bw_max" : 385053,
        "bw_agg" : 100.000000,
        "bw_mean" : 222687.711628,
        "bw_dev" : 126520.547656,
        "bw_samples" : 215,
        "iops_min" : 26,
        "iops_max" : 2572,
        "iops_mean" : 1568.679070,
        "iops_stddev" : 915.152025,
        "iops_samples" : 215
      },
      "trim" : {
        "io_bytes" : 0,
        "io_kbytes" : 0,
        "bw_bytes" : 0,
        "bw" : 0,
        "iops" : 0.000000,
        "runtime" : 0,
        "total_ios" : 0,
        "short_ios" : 0,
        "drop_ios" : 0,
        "slat_ns" : {
          "min" : 0,
          "max" : 0,
          "mean" : 0.000000,
          "stddev" : 0.000000
        },
        "clat_ns" : {
          "min" : 0,
          "max" : 0,
          "mean" : 0.000000,
          "stddev" : 0.000000,
          "percentile" : {
            "1.000000" : 0,
            "5.000000" : 0,
            "10.000000" : 0,
            "20.000000" : 0,
            "30.000000" : 0,
            "40.000000" : 0,
            "50.000000" : 0,
            "60.000000" : 0,
            "70.000000" : 0,
            "80.000000" : 0,
            "90.000000" : 0,
            "95.000000" : 0,
            "99.000000" : 0,
            "99.500000" : 0,
            "99.900000" : 0,
            "99.950000" : 0,
            "99.990000" : 0
          }
        },
        "lat_ns" : {
          "min" : 0,
          "max" : 0,
          "mean" : 0.000000,
          "stddev" : 0.000000
        },
        "bw_min" : 0,
        "bw_max" : 0,
        "bw_agg" : 0.000000,
        "bw_mean" : 0.000000,
        "bw_dev" : 0.000000,
        "bw_samples" : 0,
        "iops_min" : 0,
        "iops_max" : 0,
        "iops_mean" : 0.000000,
        "iops_stddev" : 0.000000,
        "iops_samples" : 0
      },
      "sync" : {
        "lat_ns" : {
          "min" : 0,
          "max" : 0,
          "mean" : 0.000000,
          "stddev" : 0.000000,
          "percentile" : {
            "1.000000" : 0,
            "5.000000" : 0,
            "10.000000" : 0,
            "20.000000" : 0,
            "30.000000" : 0,
            "40.000000" : 0,
            "50.000000" : 0,
            "60.000000" : 0,
            "70.000000" : 0,
            "80.000000" : 0,
            "90.000000" : 0,
            "95.000000" : 0,
            "99.000000" : 0,
            "99.500000" : 0,
            "99.900000" : 0,
            "99.950000" : 0,
            "99.990000" : 0
          }
        },
        "total_ios" : 0
      },
      "job_runtime" : 120001,
      "usr_cpu" : 0.828326,
      "sys_cpu" : 26.974775,
      "ctx" : 344278,
      "majf" : 0,
      "minf" : 15,
      "iodepth_level" : {
        "1" : 0.000000,
        "2" : 0.000000,
        "4" : 0.000000,
        "8" : 0.000000,
        "16" : 0.000000,
        "32" : 0.000000,
        ">=64" : 100.000000
      },
      "iodepth_submit" : {
        "0" : 0.000000,
        "4" : 100.000000,
        "8" : 0.000000,
        "16" : 0.000000,
        "32" : 0.000000,
        "64" : 0.000000,
        ">=64" : 0.000000
      },
      "iodepth_complete" : {
        "0" : 0.000000,
        "4" : 99.999704,
        "8" : 0.000000,
        "16" : 0.000000,
        "32" : 0.000000,
        "64" : 0.100000,
        ">=64" : 0.000000
      },
      "latency_ns" : {
        "2" : 0.000000,
        "4" : 0.000000,
        "10" : 0.000000,
        "20" : 0.000000,
        "50" : 0.000000,
        "100" : 0.000000,
        "250" : 0.000000,
        "500" : 0.000000,
        "750" : 0.000000,
        "1000" : 0.000000
      },
      "latency_us" : {
        "2" : 0.000000,
        "4" : 0.010000,
        "10" : 0.000000,
        "20" : 0.000000,
        "50" : 0.000000,
        "100" : 0.000000,
        "250" : 0.000000,
        "500" : 0.000000,
        "750" : 0.000000,
        "1000" : 0.000000
      },
      "latency_ms" : {
        "2" : 0.010000,
        "4" : 0.010000,
        "10" : 0.886619,
        "20" : 91.886669,
        "50" : 5.938807,
        "100" : 0.126660,
        "250" : 0.192653,
        "500" : 0.524395,
        "750" : 0.435615,
        "1000" : 0.010000,