{
  "fio version" : "fio-3.16",
  "timestamp" : 1708254862,
  "timestamp_ms" : 1708254862725,
  "time" : "Sun Feb 18 11:14:22 2024",
  "global options" : {
    "ioengine" : "libaio",
    "allow_mounted_write" : "1",
    "filename" : "/mnt/nvme0n1/fio"
  },
  "jobs" : [
    {
      "jobname" : "Web_Server",
      "groupid" : 0,
      "error" : 0,
      "eta" : 0,
      "elapsed" : 310,
      "job options" : {
        "nice" : "-16",
        "runtime" : "120s",
        "ramp_time" : "180s",
        "direct" : "0",
        "rw" : "randrw",
        "percentage_random" : "99,99",
        "bsrange" : "512-512k,512-512k",
        "iodepth" : "64",
        "size" : "128G"
      },
      "read" : {
        "io_bytes" : 26333423104,
        "io_kbytes" : 25716233,
        "bw_bytes" : 203450585,
        "bw" : 198682,
        "iops" : 1431.254539,
        "runtime" : 129434,
        "total_ios" : 185253,
        "short_ios" : 0,
        "drop_ios" : 0,
        "slat_ns" : {
          "min" : 872,
          "max" : 61748552,
          "mean" : 500055.474467,
          "stddev" : 1576265.721064
        },
        "clat_ns" : {
          "min" : 7031195,
          "max" : 13156732146,
          "mean" : 21818861.547308,
          "stddev" : 169196183.622935,
          "percentile" : {
            "1.000000" : 10420224,
            "5.000000" : 11862016,
            "10.000000" : 12517376,
            "20.000000" : 13565952,
            "30.000000" : 14352384,
            "40.000000" : 15007744,
            "50.000000" : 15532032,
            "60.000000" : 16187392,
            "70.000000" : 16908288,
            "80.000000" : 17956864,
            "90.000000" : 19267584,
            "95.000000" : 20578304,
            "99.000000" : 119013376,
            "99.500000" : 396361728,
            "99.900000" : 591396864,
            "99.950000" : 658505728,
            "99.990000" : 13086228480
          }
        },
        "lat_ns" : {
          "min" : 7120783,
          "max" : 13156814030,
          "mean" : 22321393.000616,
          "stddev" : 169437824.930291
        },
        "bw_min" : 3978,
        "bw_max" : 298787,
        "bw_agg" : 100.000000,
        "bw_mean" : 220699.493562,
        "bw_dev" : 106248.186872,
        "bw_samples" : 233,
        "iops_min" : 32,
        "iops_max" : 2370,
        "iops_mean" : 1590.038627,
        "iops_stddev" : 773.008890,
        "iops_samples" : 233
      },
      "write" : {
        "io_bytes" : 26247295488,
        "io_kbytes" : 25632124,
        "bw_bytes" : 202785168,
        "bw" : 198032,
        "iops" : 1427.592441,
        "runtime" : 129434,
        "total_ios" : 184779,
        "short_ios" : 0,
        "drop_ios" : 0,
        "slat_ns" : {
          "min" : 1112,
          "max" : 29116079,
          "mean" : 125295.058091,
          "stddev" : 440816.037538
        },
        "clat_ns" : {
          "min" : 4889,
          "max" : 13156812557,
          "mean" : 22374137.605216,
          "stddev" : 183022924.711303,
          "percentile" : {
            "1.000000" : 10420224,
            "5.000000" : 11730944,
            "10.000000" : 12517376,
            "20.000000" : 13565952,
            "30.000000" : 14352384,
            "40.000000" : 15007744,
            "50.000000" : 15532032,
            "60.000000" : 16187392,
            "70.000000" : 16908288,
            "80.000000" : 17956864,
            "90.000000" : 19267584,
            "95.000000" : 20578304,
            "99.000000" : 125304832,
            "99.500000" : 417333248,
            "99.900000" : 599785472,
            "99.950000" : 675282944,
            "99.990000" : 13086228480
          }
        },
        "lat_ns" : {
          "min" : 1078673,
          "max" : 13156924968,
          "mean" : 22500365.359472,
          "stddev" : 183071827.325534
        },
        "bw_min" : 5785,
        "bw_max" : 311070,
        "bw_agg" : 100.000000,
        "bw_mean" : 219961.506438,
        "bw_dev" : 106246.005467,
        "bw_samples" : 233,
        "iops_min" : 46,
        "iops_max" : 2464,
        "iops_mean" : 1585.918455,
        "iops_stddev" : 773.431270,
        "iops_samples" : 233
      },
      "trim" : {
        "io_bytes" : 0,
        "io_kbytes" : 0,
        "bw_bytes" : 0,
        "bw" : 0,
        "iops" : 0.000000,
        "runtime" : 0,
        "total_ios" : 0,
        "short_ios" : 0,
        "drop_ios" : 0,
        "slat_ns" : {
          "min" : 0,
          "max" : 0,
          "mean" : 0.000000,
          "stddev" : 0.000000
        },
        "clat_ns" : {
          "min" : 0,
          "max" : 0,
          "mean" : 0.000000,
          "stddev" : 0.000000,
          "percentile" : {
            "1.000000" : 0,
            "5.000000" : 0,
            "10.000000" : 0,
            "20.000000" : 0,
            "30.000000" : 0,
            "40.000000" : 0,
            "50.000000" : 0,
            "60.000000" : 0,
            "70.000000" : 0,
            "80.000000" : 0,
            "90.000000" : 0,
            "95.000000" : 0,
            "99.000000" : 0,
            "99.500000" : 0,
            "99.900000" : 0,
            "99.950000" : 0,
            "99.990000" : 0
          }
        },
        "lat_ns" : {
          "min" : 0,
          "max" : 0,
          "mean" : 0.000000,
          "stddev" : 0.000000
        },
        "bw_min" : 0,
        "bw_max" : 0,
        "bw_agg" : 0.000000,
        "bw_mean" : 0.000000,
        "bw_dev" : 0.000000,
        "bw_samples" : 0,
        "iops_min" : 0,
        "iops_max" : 0,
        "iops_mean" : 0.000000,
        "iops_stddev" : 0.000000,
        "iops_samples" : 0
      },
      "sync" : {
        "lat_ns" : {
          "min" : 0,
          "max" : 0,
          "mean" : 0.000000,
          "stddev" : 0.000000,
          "percentile" : {
            "1.000000" : 0,
            "5.000000" : 0,
            "10.000000" : 0,
            "20.000000" : 0,
            "30.000000" : 0,
            "40.000000" : 0,
            "50.000000" : 0,
            "60.000000" : 0,
            "70.000000" : 0,
            "80.000000" : 0,
            "90.000000" : 0,
            "95.000000" : 0,
            "99.000000" : 0,
            "99.500000" : 0,
            "99.900000" : 0,
            "99.950000" : 0,
            "99.990000" : 0
          }
        },
        "total_ios" : 0
      },
      "job_runtime" : 129433,
      "usr_cpu" : 0.898534,
      "sys_cpu" : 25.392288,
      "ctx" : 387348,
      "majf" : 0,
      "minf" : 15,
      "iodepth_level" : {
        "1" : 0.000000,
        "2" : 0.000000,
        "4" : 0.000000,
        "8" : 0.000000,
        "16" : 0.000000,
        "32" : 0.000000,
        ">=64" : 100.000000
      },
      "iodepth_submit" : {
        "0" : 0.000000,
        "4" : 100.000000,
        "8" : 0.000000,
        "16" : 0.000000,
        "32" : 0.000000,
        "64" : 0.000000,
        ">=64" : 0.000000
      },
      "iodepth_complete" : {
        "0" : 0.000000,
        "4" : 99.999730,
        "8" : 0.000000,
        "16" : 0.000000,
        "32" : 0.000000,
        "64" : 0.100000,
        ">=64" : 0.000000
      },
      "latency_ns" : {
        "2" : 0.000000,
        "4" : 0.000000,
        "10" : 0.000000,
        "20" : 0.000000,
        "50" : 0.000000,
        "100" : 0.000000,
        "250" : 0.000000,
        "500" : 0.000000,
        "750" : 0.000000,
        "1000" : 0.000000
      },
      "latency_us" : {
        "2" : 0.000000,
        "4" : 0.000000,
        "10" : 0.010000,
        "20" : 0.000000,
        "50" : 0.000000,
        "100" : 0.000000,
        "250" : 0.000000,
        "500" : 0.000000,
        "750" : 0.000000,
        "1000" : 0.000000
      },
      "latency_ms" : {
        "2" : 0.000000,
        "4" : 0.000000,
        "10" : 0.581301,
        "20" : 92.895209,
        "50" : 4.906873,
        "100" : 0.595084,
        "250" : 0.204847,
        "500" : 0.539413,
        "750" : 0.275111,
        "1000" : 0.010000,