{
  "fio version" : "fio-3.16",
  "timestamp" : 1708235125,
  "timestamp_ms" : 1708235125173,
  "time" : "Sun Feb 18 05:45:25 2024",
  "global options" : {
    "ioengine" : "libaio",
    "allow_mounted_write" : "1",
    "filename" : "/mnt/nvme0n1/fio"
  },
  "jobs" : [
    {
      "jobname" : "Web_Server",
      "groupid" : 0,
      "error" : 0,
      "eta" : 0,
      "elapsed" : 301,
      "job options" : {
        "nice" : "-16",
        "runtime" : "120s",
        "ramp_time" : "180s",
        "direct" : "0",
        "rw" : "randrw",
        "percentage_random" : "99,99",
        "bsrange" : "512-512k,512-512k",
        "iodepth" : "64",
        "size" : "128G"
      },
      "read" : {
        "io_bytes" : 27127163904,
        "io_kbytes" : 26491371,
        "bw_bytes" : 226057815,
        "bw" : 220759,
        "iops" : 1372.046900,
        "runtime" : 120001,
        "total_ios" : 164647,
        "short_ios" : 0,
        "drop_ios" : 0,
        "slat_ns" : {
          "min" : 942,
          "max" : 71578425,
          "mean" : 496210.331859,
          "stddev" : 1658383.342404
        },
        "clat_ns" : {
          "min" : 249798,
          "max" : 12706023220,
          "mean" : 23372274.253161,
          "stddev" : 188691423.217842,
          "percentile" : {
            "1.000000" : 9371648,
            "5.000000" : 10289152,
            "10.000000" : 10944512,
            "20.000000" : 11862016,
            "30.000000" : 12517376,
            "40.000000" : 13172736,
            "50.000000" : 13828096,
            "60.000000" : 14745600,
            "70.000000" : 16711680,
            "80.000000" : 23724032,
            "90.000000" : 26607616,
            "95.000000" : 28704768,
            "99.000000" : 214958080,
            "99.500000" : 400556032,
            "99.900000" : 574619648,
            "99.950000" : 608174080,
            "99.990000" : 12683575296
          }
        },
        "lat_ns" : {
          "min" : 424085,
          "max" : 12706815054,
          "mean" : 23869572.810349,
          "stddev" : 188907270.942438
        },
        "bw_min" : 5609,
        "bw_max" : 363659,
        "bw_agg" : 100.000000,
        "bw_mean" : 244887.148837,
        "bw_dev" : 123093.500027,
        "bw_samples" : 215,
        "iops_min" : 46,
        "iops_max" : 2684,
        "iops_mean" : 1525.111628,
        "iops_stddev" : 913.809780,
        "iops_samples" : 215
      },
      "write" : {
        "io_bytes" : 26978449408,
        "io_kbytes" : 26346142,
        "bw_bytes" : 224818538,
        "bw" : 219549,
        "iops" : 1365.205290,
        "runtime" : 120001,
        "total_ios" : 163826,
        "short_ios" : 0,
        "drop_ios" : 0,
        "slat_ns" : {
          "min" : 1263,
          "max" : 40844262,
          "mean" : 153885.039737,
          "stddev" : 446008.511807
        },
        "clat_ns" : {
          "min" : 1583,
          "max" : 12706264673,
          "mean" : 22692068.797472,
          "stddev" : 169992725.815919,
          "percentile" : {
            "1.000000" : 9371648,
            "5.000000" : 10420224,
            "10.000000" : 10944512,
            "20.000000" : 11862016,
            "30.000000" : 12517376,
            "40.000000" : 13172736,
            "50.000000" : 13828096,
            "60.000000" : 14745600,
            "70.000000" : 16908288,
            "80.000000" : 23724032,
            "90.000000" : 26607616,
            "95.000000" : 28704768,
            "99.000000" : 191889408,
            "99.500000" : 387973120,
            "99.900000" : 566231040,
            "99.950000" : 608174080,
            "99.990000" : 12683575296
          }
        },
        "lat_ns" : {
          "min" : 248866,
          "max" : 12706592488,
          "mean" : 22846302.012896,
          "stddev" : 170036816.221857
        },
        "bw_min" : 3425,
        "bw_max" : 378145,
        "bw_agg" : 100.000000,
        "bw_mean" : 243550.776744,
        "bw_dev" : 122466.255922,
        "bw_samples" : 215,
        "iops_min" : 32,
        "iops_max" : 2710,
        "iops_mean" : 1517.744186,
        "iops_stddev" : 906.914356,
        "iops_samples" : 215
      },
      "trim" : {
        "io_bytes" : 0,
        "io_kbytes" : 0,
        "bw_bytes" : 0,
        "bw" : 0,
        "iops" : 0.000000,
        "runtime" : 0,
        "total_ios" : 0,
        "short_ios" : 0,
        "drop_ios" : 0,
        "slat_ns" : {
          "min" : 0,
          "max" : 0,
          "mean" : 0.000000,
          "stddev" : 0.000000
        },
        "clat_ns" : {
          "min" : 0,
          "max" : 0,
          "mean" : 0.000000,
          "stddev" : 0.000000,
          "percentile" : {
            "1.000000" : 0,
            "5.000000" : 0,
            "10.000000" : 0,
            "20.000000" : 0,
            "30.000000" : 0,
            "40.000000" : 0,
            "50.000000" : 0,
            "60.000000" : 0,
            "70.000000" : 0,
            "80.000000" : 0,
            "90.000000" : 0,
            "95.000000" : 0,
            "99.000000" : 0,
            "99.500000" : 0,
            "99.900000" : 0,
            "99.950000" : 0,
            "99.990000" : 0
          }
        },
        "lat_ns" : {
          "min" : 0,
          "max" : 0,
          "mean" : 0.000000,
          "stddev" : 0.000000
        },
        "bw_min" : 0,
        "bw_max" : 0,
        "bw_agg" : 0.000000,
        "bw_mean" : 0.000000,
        "bw_dev" : 0.000000,
        "bw_samples" : 0,
        "iops_min" : 0,
        "iops_max" : 0,
        "iops_mean" : 0.000000,
        "iops_stddev" : 0.000000,
        "iops_samples" : 0
      },
      "sync" : {
        "lat_ns" : {
          "min" : 0,
          "max" : 0,
          "mean" : 0.000000,
          "stddev" : 0.000000,
          "percentile" : {
            "1.000000" : 0,
            "5.000000" : 0,
            "10.000000" : 0,
            "20.000000" : 0,
            "30.000000" : 0,
            "40.000000" : 0,
            "50.000000" : 0,
            "60.000000" : 0,
            "70.000000" : 0,
            "80.000000" : 0,
            "90.000000" : 0,
            "95.000000" : 0,
            "99.000000" : 0,
            "99.500000" : 0,
            "99.900000" : 0,
            "99.950000" : 0,
            "99.990000" : 0
          }
        },
        "total_ios" : 0
      },
      "job_runtime" : 120000,
      "usr_cpu" : 0.910000,
      "sys_cpu" : 28.695833,
      "ctx" : 360221,
      "majf" : 0,
      "minf" : 15,
      "iodepth_level" : {
        "1" : 0.000000,
        "2" : 0.000000,
        "4" : 0.000000,
        "8" : 0.000000,
        "16" : 0.000000,
        "32" : 0.000000,
        ">=64" : 100.000000
      },
      "iodepth_submit" : {
        "0" : 0.000000,
        "4" : 100.000000,
        "8" : 0.000000,
        "16" : 0.000000,
        "32" : 0.000000,
        "64" : 0.000000,
        ">=64" : 0.000000
      },
      "iodepth_complete" : {
        "0" : 0.000000,
        "4" : 99.999696,
        "8" : 0.000000,
        "16" : 0.000000,
        "32" : 0.000000,
        "64" : 0.100000,
        ">=64" : 0.000000
      },
      "latency_ns" : {
        "2" : 0.000000,
        "4" : 0.000000,
        "10" : 0.000000,
        "20" : 0.000000,
        "50" : 0.000000,
        "100" : 0.000000,
        "250" : 0.000000,
        "500" : 0.000000,
        "750" : 0.000000,
        "1000" : 0.000000
      },
      "latency_us" : {
        "2" : 0.010000,
        "4" : 0.000000,
        "10" : 0.000000,
        "20" : 0.000000,
        "50" : 0.000000,
        "100" : 0.000000,
        "250" : 0.010000,
        "500" : 0.010000,
        "750" : 0.000000,
        "1000" : 0.000000
      },
      "latency_ms" : {
        "2" : 0.010000,
        "4" : 0.010000,
        "10" : 3.124458,
        "20" : 69.551835,
        "50" : 25.807601,
        "100" : 0.198190,
        "250" : 0.450570,
        "500" : 0.632320,
        "750" : 0.232591,
        "1000" : 0.000000,