{
  "fio version" : "fio-3.16",
  "timestamp" : 1708235425,
  "timestamp_ms" : 1708235425721,
  "time" : "Sun Feb 18 05:50:25 2024",
  "global options" : {
    "ioengine" : "libaio",
    "allow_mounted_write" : "1",
    "filename" : "/mnt/nvme0n1/fio"
  },
  "jobs" : [
    {
      "jobname" : "Web_Server",
      "groupid" : 0,
      "error" : 0,
      "eta" : 0,
      "elapsed" : 301,
      "job options" : {
        "nice" : "-16",
        "runtime" : "120s",
        "ramp_time" : "180s",
        "direct" : "0",
        "rw" : "randrw",
        "percentage_random" : "99,99",
        "bsrange" : "512-512k,512-512k",
        "iodepth" : "64",
        "size" : "128G"
      },
      "read" : {
        "io_bytes" : 29999170560,
        "io_kbytes" : 29296065,
        "bw_bytes" : 249991004,
        "bw" : 244131,
        "iops" : 1463.187807,
        "runtime" : 120001,
        "total_ios" : 175584,
        "short_ios" : 0,
        "drop_ios" : 0,
        "slat_ns" : {
          "min" : 1032,
          "max" : 67432070,
          "mean" : 442727.568352,
          "stddev" : 1013575.789546
        },
        "clat_ns" : {
          "min" : 265178,
          "max" : 13186707396,
          "mean" : 22259054.559670,
          "stddev" : 200190089.124532,
          "percentile" : {
            "1.000000" : 10551296,
            "5.000000" : 11993088,
            "10.000000" : 12779520,
            "20.000000" : 13697024,
            "30.000000" : 14614528,
            "40.000000" : 15400960,
            "50.000000" : 16318464,
            "60.000000" : 17432576,
            "70.000000" : 19005440,
            "80.000000" : 20840448,
            "90.000000" : 23199744,
            "95.000000" : 25034752,
            "99.000000" : 87556096,
            "99.500000" : 154140672,
            "99.900000" : 476053504,
            "99.950000" : 574619648,
            "99.990000" : 13220446208
          }
        },
        "lat_ns" : {
          "min" : 564128,
          "max" : 13186991709,
          "mean" : 22702450.268569,
          "stddev" : 200258622.013953
        },
        "bw_min" : 6309,
        "bw_max" : 401372,
        "bw_agg" : 100.000000,
        "bw_mean" : 271866.144860,
        "bw_dev" : 95028.254065,
        "bw_samples" : 214,
        "iops_min" : 40,
        "iops_max" : 2350,
        "iops_mean" : 1632.668224,
        "iops_stddev" : 597.682879,
        "iops_samples" : 214
      },
      "write" : {
        "io_bytes" : 29753039872,
        "io_kbytes" : 29055703,
        "bw_bytes" : 247939932,
        "bw" : 242128,
        "iops" : 1454.962875,
        "runtime" : 120001,
        "total_ios" : 174597,
        "short_ios" : 0,
        "drop_ios" : 0,
        "slat_ns" : {
          "min" : 1172,
          "max" : 35700156,
          "mean" : 163626.260566,
          "stddev" : 349299.496836
        },
        "clat_ns" : {
          "min" : 1553,
          "max" : 13186334958,
          "mean" : 20929650.029045,
          "stddev" : 153019804.096310,
          "percentile" : {
            "1.000000" : 10551296,
            "5.000000" : 11993088,
            "10.000000" : 12779520,
            "20.000000" : 13828096,
            "30.000000" : 14614528,
            "40.000000" : 15400960,
            "50.000000" : 16318464,
            "60.000000" : 17432576,
            "70.000000" : 19005440,
            "80.000000" : 21102592,
            "90.000000" : 23199744,
            "95.000000" : 25034752,
            "99.000000" : 78118912,
            "99.500000" : 133693440,
            "99.900000" : 455081984,
            "99.950000" : 541065216,
            "99.990000" : 13220446208
          }
        },
        "lat_ns" : {
          "min" : 263574,
          "max" : 13186548498,
          "mean" : 21093510.368395,
          "stddev" : 153045445.004157
        },
        "bw_min" : 6788,
        "bw_max" : 392559,
        "bw_agg" : 100.000000,
        "bw_mean" : 269877.397196,
        "bw_dev" : 95073.311357,
        "bw_samples" : 214,
        "iops_min" : 26,
        "iops_max" : 2502,
        "iops_mean" : 1624.196262,
        "iops_stddev" : 599.026455,
        "iops_samples" : 214
      },
      "trim" : {
        "io_bytes" : 0,
        "io_kbytes" : 0,
        "bw_bytes" : 0,
        "bw" : 0,
        "iops" : 0.000000,
        "runtime" : 0,
        "total_ios" : 0,
        "short_ios" : 0,
        "drop_ios" : 0,
        "slat_ns" : {
          "min" : 0,
          "max" : 0,
          "mean" : 0.000000,
          "stddev" : 0.000000
        },
        "clat_ns" : {
          "min" : 0,
          "max" : 0,
          "mean" : 0.000000,
          "stddev" : 0.000000,
          "percentile" : {
            "1.000000" : 0,
            "5.000000" : 0,
            "10.000000" : 0,
            "20.000000" : 0,
            "30.000000" : 0,
            "40.000000" : 0,
            "50.000000" : 0,
            "60.000000" : 0,
            "70.000000" : 0,
            "80.000000" : 0,
            "90.000000" : 0,
            "95.000000" : 0,
            "99.000000" : 0,
            "99.500000" : 0,
            "99.900000" : 0,
            "99.950000" : 0,
            "99.990000" : 0
          }
        },
        "lat_ns" : {
          "min" : 0,
          "max" : 0,
          "mean" : 0.000000,
          "stddev" : 0.000000
        },
        "bw_min" : 0,
        "bw_max" : 0,
        "bw_agg" : 0.000000,
        "bw_mean" : 0.000000,
        "bw_dev" : 0.000000,
        "bw_samples" : 0,
        "iops_min" : 0,
        "iops_max" : 0,
        "iops_mean" : 0.000000,
        "iops_stddev" : 0.000000,
        "iops_samples" : 0
      },
      "sync" : {
        "lat_ns" : {
          "min" : 0,
          "max" : 0,
          "mean" : 0.000000,
          "stddev" : 0.000000,
          "percentile" : {
            "1.000000" : 0,
            "5.000000" : 0,
            "10.000000" : 0,
            "20.000000" : 0,
            "30.000000" : 0,
            "40.000000" : 0,
            "50.000000" : 0,
            "60.000000" : 0,
            "70.000000" : 0,
            "80.000000" : 0,
            "90.000000" : 0,
            "95.000000" : 0,
            "99.000000" : 0,
            "99.500000" : 0,
            "99.900000" : 0,
            "99.950000" : 0,
            "99.990000" : 0
          }
        },
        "total_ios" : 0
      },
      "job_runtime" : 120000,
      "usr_cpu" : 1.104167,
      "sys_cpu" : 30.631667,
      "ctx" : 424912,
      "majf" : 0,
      "minf" : 15,
      "iodepth_level" : {
        "1" : 0.000000,
        "2" : 0.000000,
        "4" : 0.000000,
        "8" : 0.000000,
        "16" : 0.000000,
        "32" : 0.000000,
        ">=64" : 100.000000
      },
      "iodepth_submit" : {
        "0" : 0.000000,
        "4" : 100.000000,
        "8" : 0.000000,
        "16" : 0.000000,
        "32" : 0.000000,
        "64" : 0.000000,
        ">=64" : 0.000000
      },
      "iodepth_complete" : {
        "0" : 0.000000,
        "4" : 99.999714,
        "8" : 0.000000,
        "16" : 0.000000,
        "32" : 0.000000,
        "64" : 0.100000,
        ">=64" : 0.000000
      },
      "latency_ns" : {
        "2" : 0.000000,
        "4" : 0.000000,
        "10" : 0.000000,
        "20" : 0.000000,
        "50" : 0.000000,
        "100" : 0.000000,
        "250" : 0.000000,
        "500" : 0.000000,
        "750" : 0.000000,
        "1000" : 0.000000
      },
      "latency_us" : {
        "2" : 0.010000,
        "4" : 0.000000,
        "10" : 0.000000,
        "20" : 0.000000,
        "50" : 0.000000,
        "100" : 0.000000,
        "250" : 0.000000,
        "500" : 0.010000,
        "750" : 0.010000,
        "1000" : 0.010000
      },
      "latency_ms" : {
        "2" : 0.010000,
        "4" : 0.010000,
        "10" : 0.409788,
        "20" : 74.581716,
        "50" : 23.868799,
        "100" : 0.308698,
        "250" : 0.512592,
        "500" : 0.251870,
        "750" : 0.053972,
        "1000" : 0.010000,