{
  "fio version" : "fio-3.16",
  "timestamp" : 1708235726,
  "timestamp_ms" : 1708235726292,
  "time" : "Sun Feb 18 05:55:26 2024",
  "global options" : {
    "ioengine" : "libaio",
    "allow_mounted_write" : "1",
    "filename" : "/mnt/nvme0n1/fio"
  },
  "jobs" : [
    {
      "jobname" : "Web_Server",
      "groupid" : 0,
      "error" : 0,
      "eta" : 0,
      "elapsed" : 301,
      "job options" : {
        "nice" : "-16",
        "runtime" : "120s",
        "ramp_time" : "180s",
        "direct" : "0",
        "rw" : "randrw",
        "percentage_random" : "99,99",
        "bsrange" : "512-512k,512-512k",
        "iodepth" : "64",
        "size" : "128G"
      },
      "read" : {
        "io_bytes" : 29143901184,
        "io_kbytes" : 28460841,
        "bw_bytes" : 242863819,
        "bw" : 237171,
        "iops" : 1409.488254,
        "runtime" : 120001,
        "total_ios" : 169140,
        "short_ios" : 0,
        "drop_ios" : 0,
        "slat_ns" : {
          "min" : 972,
          "max" : 67449732,
          "mean" : 462903.255325,
          "stddev" : 1116823.022445
        },
        "clat_ns" : {
          "min" : 608231,
          "max" : 13434685409,
          "mean" : 23106328.813282,
          "stddev" : 207621073.963355,
          "percentile" : {
            "1.000000" : 10420224,
            "5.000000" : 11862016,
            "10.000000" : 12517376,
            "20.000000" : 13565952,
            "30.000000" : 14352384,
            "40.000000" : 15269888,
            "50.000000" : 16187392,
            "60.000000" : 17432576,
            "70.000000" : 19529728,
            "80.000000" : 22151168,
            "90.000000" : 24510464,
            "95.000000" : 26083328,
            "99.000000" : 109576192,
            "99.500000" : 198180864,
            "99.900000" : 509607936,
            "99.950000" : 583008256,
            "99.990000" : 13354663936
          }
        },
        "lat_ns" : {
          "min" : 767279,
          "max" : 13434947400,
          "mean" : 23569864.838280,
          "stddev" : 207705683.333578
        },
        "bw_min" : 5132,
        "bw_max" : 398837,
        "bw_agg" : 100.000000,
        "bw_mean" : 264170.757009,
        "bw_dev" : 99131.554092,
        "bw_samples" : 214,
        "iops_min" : 38,
        "iops_max" : 2392,
        "iops_mean" : 1573.032710,
        "iops_stddev" : 646.452198,
        "iops_samples" : 214
      },
      "write" : {
        "io_bytes" : 28907575808,
        "io_kbytes" : 28230054,
        "bw_bytes" : 240894457,
        "bw" : 235248,
        "iops" : 1402.579979,
        "runtime" : 120001,
        "total_ios" : 168311,
        "short_ios" : 0,
        "drop_ios" : 0,
        "slat_ns" : {
          "min" : 1042,
          "max" : 26553313,
          "mean" : 165370.982004,
          "stddev" : 338354.377454
        },
        "clat_ns" : {
          "min" : 1984,
          "max" : 13434649161,
          "mean" : 21708632.229014,
          "stddev" : 158713680.238297,
          "percentile" : {
            "1.000000" : 10551296,
            "5.000000" : 11862016,
            "10.000000" : 12648448,
            "20.000000" : 13565952,
            "30.000000" : 14483456,
            "40.000000" : 15269888,
            "50.000000" : 16187392,
            "60.000000" : 17432576,
            "70.000000" : 19529728,
            "80.000000" : 22151168,
            "90.000000" : 24510464,
            "95.000000" : 26345472,
            "99.000000" : 106430464,
            "99.500000" : 185597952,
            "99.900000" : 488636416,
            "99.950000" : 574619648,
            "99.990000" : 13354663936
          }
        },
        "lat_ns" : {
          "min" : 229040,
          "max" : 13434804603,
          "mean" : 21874202.612954,
          "stddev" : 158736688.694932
        },
        "bw_min" : 4262,
        "bw_max" : 391130,
        "bw_agg" : 100.000000,
        "bw_mean" : 261986.985981,
        "bw_dev" : 98290.584649,
        "bw_samples" : 214,
        "iops_min" : 32,
        "iops_max" : 2524,
        "iops_mean" : 1564.850467,
        "iops_stddev" : 647.673733,
        "iops_samples" : 214
      },
      "trim" : {
        "io_bytes" : 0,
        "io_kbytes" : 0,
        "bw_bytes" : 0,
        "bw" : 0,
        "iops" : 0.000000,
        "runtime" : 0,
        "total_ios" : 0,
        "short_ios" : 0,
        "drop_ios" : 0,
        "slat_ns" : {
          "min" : 0,
          "max" : 0,
          "mean" : 0.000000,
          "stddev" : 0.000000
        },
        "clat_ns" : {
          "min" : 0,
          "max" : 0,
          "mean" : 0.000000,
          "stddev" : 0.000000,
          "percentile" : {
            "1.000000" : 0,
            "5.000000" : 0,
            "10.000000" : 0,
            "20.000000" : 0,
            "30.000000" : 0,
            "40.000000" : 0,
            "50.000000" : 0,
            "60.000000" : 0,
            "70.000000" : 0,
            "80.000000" : 0,
            "90.000000" : 0,
            "95.000000" : 0,
            "99.000000" : 0,
            "99.500000" : 0,
            "99.900000" : 0,
            "99.950000" : 0,
            "99.990000" : 0
          }
        },
        "lat_ns" : {
          "min" : 0,
          "max" : 0,
          "mean" : 0.000000,
          "stddev" : 0.000000
        },
        "bw_min" : 0,
        "bw_max" : 0,
        "bw_agg" : 0.000000,
        "bw_mean" : 0.000000,
        "bw_dev" : 0.000000,
        "bw_samples" : 0,
        "iops_min" : 0,
        "iops_max" : 0,
        "iops_mean" : 0.000000,
        "iops_stddev" : 0.000000,
        "iops_samples" : 0
      },
      "sync" : {
        "lat_ns" : {
          "min" : 0,
          "max" : 0,
          "mean" : 0.000000,
          "stddev" : 0.000000,
          "percentile" : {
            "1.000000" : 0,
            "5.000000" : 0,
            "10.000000" : 0,
            "20.000000" : 0,
            "30.000000" : 0,
            "40.000000" : 0,
            "50.000000" : 0,
            "60.000000" : 0,
            "70.000000" : 0,
            "80.000000" : 0,
            "90.000000" : 0,
            "95.000000" : 0,
            "99.000000" : 0,
            "99.500000" : 0,
            "99.900000" : 0,
            "99.950000" : 0,
            "99.990000" : 0
          }
        },
        "total_ios" : 0
      },
      "job_runtime" : 120000,
      "usr_cpu" : 1.033333,
      "sys_cpu" : 30.790000,
      "ctx" : 411290,
      "majf" : 0,
      "minf" : 15,
      "iodepth_level" : {
        "1" : 0.000000,
        "2" : 0.000000,
        "4" : 0.000000,
        "8" : 0.000000,
        "16" : 0.000000,
        "32" : 0.000000,
        ">=64" : 100.000000
      },
      "iodepth_submit" : {
        "0" : 0.000000,
        "4" : 100.000000,
        "8" : 0.000000,
        "16" : 0.000000,
        "32" : 0.000000,
        "64" : 0.000000,
        ">=64" : 0.000000
      },
      "iodepth_complete" : {
        "0" : 0.000000,
        "4" : 99.999704,
        "8" : 0.000000,
        "16" : 0.000000,
        "32" : 0.000000,
        "64" : 0.100000,
        ">=64" : 0.000000
      },
      "latency_ns" : {
        "2" : 0.000000,
        "4" : 0.000000,
        "10" : 0.000000,
        "20" : 0.000000,
        "50" : 0.000000,
        "100" : 0.000000,
        "250" : 0.000000,
        "500" : 0.000000,
        "750" : 0.000000,
        "1000" : 0.000000
      },
      "latency_us" : {
        "2" : 0.010000,
        "4" : 0.000000,
        "10" : 0.000000,
        "20" : 0.000000,
        "50" : 0.000000,
        "100" : 0.000000,
        "250" : 0.010000,
        "500" : 0.000000,
        "750" : 0.010000,
        "1000" : 0.010000
      },
      "latency_ms" : {
        "2" : 0.010000,
        "4" : 0.010000,
        "10" : 0.465845,
        "20" : 71.034906,
        "50" : 27.088377,
        "100" : 0.319750,
        "250" : 0.742923,
        "500" : 0.259297,
        "750" : 0.083568,
        "1000" : 0.010000,