{
  "fio version" : "fio-3.16",
  "timestamp" : 1708236026,
  "timestamp_ms" : 1708236026851,
  "time" : "Sun Feb 18 06:00:26 2024",
  "global options" : {
    "ioengine" : "libaio",
    "allow_mounted_write" : "1",
    "filename" : "/mnt/nvme0n1/fio"
  },
  "jobs" : [
    {
      "jobname" : "Web_Server",
      "groupid" : 0,
      "error" : 0,
      "eta" : 0,
      "elapsed" : 301,
      "job options" : {
        "nice" : "-16",
        "runtime" : "120s",
        "ramp_time" : "180s",
        "direct" : "0",
        "rw" : "randrw",
        "percentage_random" : "99,99",
        "bsrange" : "512-512k,512-512k",
        "iodepth" : "64",
        "size" : "128G"
      },
      "read" : {
        "io_bytes" : 27481942528,
        "io_kbytes" : 26837834,
        "bw_bytes" : 229012370,
        "bw" : 223644,
        "iops" : 1362.493958,
        "runtime" : 120002,
        "total_ios" : 163502,
        "short_ios" : 0,
        "drop_ios" : 0,
        "slat_ns" : {
          "min" : 812,
          "max" : 69264486,
          "mean" : 496384.104775,
          "stddev" : 1262269.275473
        },
        "clat_ns" : {
          "min" : 2635,
          "max" : 13994396988,
          "mean" : 22680744.612261,
          "stddev" : 178077713.915196,
          "percentile" : {
            "1.000000" : 10682368,
            "5.000000" : 11862016,
            "10.000000" : 12648448,
            "20.000000" : 13565952,
            "30.000000" : 14352384,
            "40.000000" : 15138816,
            "50.000000" : 16056320,
            "60.000000" : 17432576,
            "70.000000" : 19791872,
            "80.000000" : 22937600,
            "90.000000" : 25821184,
            "95.000000" : 28180480,
            "99.000000" : 110624768,
            "99.500000" : 217055232,
            "99.900000" : 501219328,
            "99.950000" : 566231040,
            "99.990000" : 13891534848
          }
        },
        "lat_ns" : {
          "min" : 5547884,
          "max" : 13994764808,
          "mean" : 23177743.700712,
          "stddev" : 178199557.588473
        },
        "bw_min" : 5184,
        "bw_max" : 350552,
        "bw_agg" : 100.000000,
        "bw_mean" : 251909.098592,
        "bw_dev" : 95108.390070,
        "bw_samples" : 213,
        "iops_min" : 52,
        "iops_max" : 2386,
        "iops_mean" : 1535.122066,
        "iops_stddev" : 668.137191,
        "iops_samples" : 213
      },
      "write" : {
        "io_bytes" : 27304994304,
        "io_kbytes" : 26665033,
        "bw_bytes" : 227537826,
        "bw" : 222204,
        "iops" : 1356.652389,
        "runtime" : 120002,
        "total_ios" : 162801,
        "short_ios" : 0,
        "drop_ios" : 0,
        "slat_ns" : {
          "min" : 1142,
          "max" : 26567039,
          "mean" : 150181.256466,
          "stddev" : 341764.062909
        },
        "clat_ns" : {
          "min" : 7632883,
          "max" : 13992352113,
          "mean" : 23673238.160258,
          "stddev" : 211936995.949770,
          "percentile" : {
            "1.000000" : 10682368,
            "5.000000" : 11862016,
            "10.000000" : 12648448,
            "20.000000" : 13565952,
            "30.000000" : 14352384,
            "40.000000" : 15138816,
            "50.000000" : 16056320,
            "60.000000" : 17432576,
            "70.000000" : 20054016,
            "80.000000" : 22937600,
            "90.000000" : 25821184,
            "95.000000" : 28180480,
            "99.000000" : 109576192,
            "99.500000" : 233832448,
            "99.900000" : 517996544,
            "99.950000" : 583008256,
            "99.990000" : 13891534848
          }
        },
        "lat_ns" : {
          "min" : 7647731,
          "max" : 13992360349,
          "mean" : 23823652.932642,
          "stddev" : 211954429.227476
        },
        "bw_min" : 4318,
        "bw_max" : 362155,
        "bw_agg" : 100.000000,
        "bw_mean" : 250308.807512,
        "bw_dev" : 95139.483220,
        "bw_samples" : 213,
        "iops_min" : 42,
        "iops_max" : 2494,
        "iops_mean" : 1528.577465,
        "iops_stddev" : 663.604160,
        "iops_samples" : 213
      },
      "trim" : {
        "io_bytes" : 0,
        "io_kbytes" : 0,
        "bw_bytes" : 0,
        "bw" : 0,
        "iops" : 0.000000,
        "runtime" : 0,
        "total_ios" : 0,
        "short_ios" : 0,
        "drop_ios" : 0,
        "slat_ns" : {
          "min" : 0,
          "max" : 0,
          "mean" : 0.000000,
          "stddev" : 0.000000
        },
        "clat_ns" : {
          "min" : 0,
          "max" : 0,
          "mean" : 0.000000,
          "stddev" : 0.000000,
          "percentile" : {
            "1.000000" : 0,
            "5.000000" : 0,
            "10.000000" : 0,
            "20.000000" : 0,
            "30.000000" : 0,
            "40.000000" : 0,
            "50.000000" : 0,
            "60.000000" : 0,
            "70.000000" : 0,
            "80.000000" : 0,
            "90.000000" : 0,
            "95.000000" : 0,
            "99.000000" : 0,
            "99.500000" : 0,
            "99.900000" : 0,
            "99.950000" : 0,
            "99.990000" : 0
          }
        },
        "lat_ns" : {
          "min" : 0,
          "max" : 0,
          "mean" : 0.000000,
          "stddev" : 0.000000
        },
        "bw_min" : 0,
        "bw_max" : 0,
        "bw_agg" : 0.000000,
        "bw_mean" : 0.000000,
        "bw_dev" : 0.000000,
        "bw_samples" : 0,
        "iops_min" : 0,
        "iops_max" : 0,
        "iops_mean" : 0.000000,
        "iops_stddev" : 0.000000,
        "iops_samples" : 0
      },
      "sync" : {
        "lat_ns" : {
          "min" : 0,
          "max" : 0,
          "mean" : 0.000000,
          "stddev" : 0.000000,
          "percentile" : {
            "1.000000" : 0,
            "5.000000" : 0,
            "10.000000" : 0,
            "20.000000" : 0,
            "30.000000" : 0,
            "40.000000" : 0,
            "50.000000" : 0,
            "60.000000" : 0,
            "70.000000" : 0,
            "80.000000" : 0,
            "90.000000" : 0,
            "95.000000" : 0,
            "99.000000" : 0,
            "99.500000" : 0,
            "99.900000" : 0,
            "99.950000" : 0,
            "99.990000" : 0
          }
        },
        "total_ios" : 0
      },
      "job_runtime" : 120001,
      "usr_cpu" : 0.896659,
      "sys_cpu" : 29.309756,
      "ctx" : 391661,
      "majf" : 0,
      "minf" : 15,
      "iodepth_level" : {
        "1" : 0.000000,
        "2" : 0.000000,
        "4" : 0.000000,
        "8" : 0.000000,
        "16" : 0.000000,
        "32" : 0.000000,
        ">=64" : 100.000000
      },
      "iodepth_submit" : {
        "0" : 0.000000,
        "4" : 100.000000,
        "8" : 0.000000,
        "16" : 0.000000,
        "32" : 0.000000,
        "64" : 0.000000,
        ">=64" : 0.000000
      },
      "iodepth_complete" : {
        "0" : 0.000000,
        "4" : 99.999694,
        "8" : 0.000000,
        "16" : 0.000000,
        "32" : 0.000000,
        "64" : 0.100000,
        ">=64" : 0.000000
      },
      "latency_ns" : {
        "2" : 0.000000,
        "4" : 0.000000,
        "10" : 0.000000,
        "20" : 0.000000,
        "50" : 0.000000,
        "100" : 0.000000,
        "250" : 0.000000,
        "500" : 0.000000,
        "750" : 0.000000,
        "1000" : 0.000000
      },
      "latency_us" : {
        "2" : 0.000000,
        "4" : 0.010000,
        "10" : 0.000000,
        "20" : 0.000000,
        "50" : 0.000000,
        "100" : 0.000000,
        "250" : 0.000000,
        "500" : 0.000000,
        "750" : 0.000000,
        "1000" : 0.000000
      },
      "latency_ms" : {
        "2" : 0.000000,
        "4" : 0.000000,
        "10" : 0.332513,
        "20" : 69.884433,
        "50" : 28.379145,
        "100" : 0.235671,
        "250" : 0.708544,
        "500" : 0.368063,
        "750" : 0.091326,
        "1000" : 0.000000,