{
  "fio version" : "fio-3.16",
  "timestamp" : 1708236327,
  "timestamp_ms" : 1708236327410,
  "time" : "Sun Feb 18 06:05:27 2024",
  "global options" : {
    "ioengine" : "libaio",
    "allow_mounted_write" : "1",
    "filename" : "/mnt/nvme0n1/fio"
  },
  "jobs" : [
    {
      "jobname" : "Web_Server",
      "groupid" : 0,
      "error" : 0,
      "eta" : 0,
      "elapsed" : 301,
      "job options" : {
        "nice" : "-16",
        "runtime" : "120s",
        "ramp_time" : "180s",
        "direct" : "0",
        "rw" : "randrw",
        "percentage_random" : "99,99",
        "bsrange" : "512-512k,512-512k",
        "iodepth" : "64",
        "size" : "128G"
      },
      "read" : {
        "io_bytes" : 26839511552,
        "io_kbytes" : 26210460,
        "bw_bytes" : 223660732,
        "bw" : 218418,
        "iops" : 1358.247015,
        "runtime" : 120001,
        "total_ios" : 162991,
        "short_ios" : 0,
        "drop_ios" : 0,
        "slat_ns" : {
          "min" : 972,
          "max" : 76726007,
          "mean" : 500656.919260,
          "stddev" : 1218483.148467
        },
        "clat_ns" : {
          "min" : 1603,
          "max" : 13178338773,
          "mean" : 23895468.820503,
          "stddev" : 207441612.286010,
          "percentile" : {
            "1.000000" : 11337728,
            "5.000000" : 12648448,
            "10.000000" : 13434880,
            "20.000000" : 14352384,
            "30.000000" : 15138816,
            "40.000000" : 15925248,
            "50.000000" : 16908288,
            "60.000000" : 17956864,
            "70.000000" : 19791872,
            "80.000000" : 22937600,
            "90.000000" : 25559040,
            "95.000000" : 27394048,
            "99.000000" : 108527616,
            "99.500000" : 196083712,
            "99.900000" : 509607936,
            "99.950000" : 574619648,
            "99.990000" : 13086228480
          }
        },
        "lat_ns" : {
          "min" : 939852,
          "max" : 13178670545,
          "mean" : 24396270.245444,
          "stddev" : 207534535.114218
        },
        "bw_min" : 5159,
        "bw_max" : 337665,
        "bw_agg" : 100.000000,
        "bw_mean" : 243463.163551,
        "bw_dev" : 88706.759598,
        "bw_samples" : 214,
        "iops_min" : 56,
        "iops_max" : 2214,
        "iops_mean" : 1516.845794,
        "iops_stddev" : 611.647663,
        "iops_samples" : 214
      },
      "write" : {
        "io_bytes" : 26659957760,
        "io_kbytes" : 26035115,
        "bw_bytes" : 222164463,
        "bw" : 216957,
        "iops" : 1351.405405,
        "runtime" : 120001,
        "total_ios" : 162170,
        "short_ios" : 0,
        "drop_ios" : 0,
        "slat_ns" : {
          "min" : 1072,
          "max" : 30244224,
          "mean" : 152950.918820,
          "stddev" : 323684.372854
        },
        "clat_ns" : {
          "min" : 941706,
          "max" : 13176744494,
          "mean" : 22596167.364797,
          "stddev" : 158753254.343576,
          "percentile" : {
            "1.000000" : 11337728,
            "5.000000" : 12648448,
            "10.000000" : 13434880,
            "20.000000" : 14483456,
            "30.000000" : 15269888,
            "40.000000" : 16056320,
            "50.000000" : 16908288,
            "60.000000" : 17956864,
            "70.000000" : 19791872,
            "80.000000" : 23199744,
            "90.000000" : 25559040,
            "95.000000" : 27656192,
            "99.000000" : 109576192,
            "99.500000" : 196083712,
            "99.900000" : 497025024,
            "99.950000" : 557842432,
            "99.990000" : 13086228480
          }
        },
        "lat_ns" : {
          "min" : 1295630,
          "max" : 13176903151,
          "mean" : 22749268.027763,
          "stddev" : 158775062.966216
        },
        "bw_min" : 5088,
        "bw_max" : 343171,
        "bw_agg" : 100.000000,
        "bw_mean" : 241694.761682,
        "bw_dev" : 87909.824913,
        "bw_samples" : 214,
        "iops_min" : 48,
        "iops_max" : 2380,
        "iops_mean" : 1509.177570,
        "iops_stddev" : 607.280296,
        "iops_samples" : 214
      },
      "trim" : {
        "io_bytes" : 0,
        "io_kbytes" : 0,
        "bw_bytes" : 0,
        "bw" : 0,
        "iops" : 0.000000,
        "runtime" : 0,
        "total_ios" : 0,
        "short_ios" : 0,
        "drop_ios" : 0,
        "slat_ns" : {
          "min" : 0,
          "max" : 0,
          "mean" : 0.000000,
          "stddev" : 0.000000
        },
        "clat_ns" : {
          "min" : 0,
          "max" : 0,
          "mean" : 0.000000,
          "stddev" : 0.000000,
          "percentile" : {
            "1.000000" : 0,
            "5.000000" : 0,
            "10.000000" : 0,
            "20.000000" : 0,
            "30.000000" : 0,
            "40.000000" : 0,
            "50.000000" : 0,
            "60.000000" : 0,
            "70.000000" : 0,
            "80.000000" : 0,
            "90.000000" : 0,
            "95.000000" : 0,
            "99.000000" : 0,
            "99.500000" : 0,
            "99.900000" : 0,
            "99.950000" : 0,
            "99.990000" : 0
          }
        },
        "lat_ns" : {
          "min" : 0,
          "max" : 0,
          "mean" : 0.000000,
          "stddev" : 0.000000
        },
        "bw_min" : 0,
        "bw_max" : 0,
        "bw_agg" : 0.000000,
        "bw_mean" : 0.000000,
        "bw_dev" : 0.000000,
        "bw_samples" : 0,
        "iops_min" : 0,
        "iops_max" : 0,
        "iops_mean" : 0.000000,
        "iops_stddev" : 0.000000,
        "iops_samples" : 0
      },
      "sync" : {
        "lat_ns" : {
          "min" : 0,
          "max" : 0,
          "mean" : 0.000000,
          "stddev" : 0.000000,
          "percentile" : {
            "1.000000" : 0,
            "5.000000" : 0,
            "10.000000" : 0,
            "20.000000" : 0,
            "30.000000" : 0,
            "40.000000" : 0,
            "50.000000" : 0,
            "60.000000" : 0,
            "70.000000" : 0,
            "80.000000" : 0,
            "90.000000" : 0,
            "95.000000" : 0,
            "99.000000" : 0,
            "99.500000" : 0,
            "99.900000" : 0,
            "99.950000" : 0,
            "99.990000" : 0
          }
        },
        "total_ios" : 0
      },
      "job_runtime" : 120000,
      "usr_cpu" : 0.840000,
      "sys_cpu" : 28.777500,
      "ctx" : 394488,
      "majf" : 0,
      "minf" : 15,
      "iodepth_level" : {
        "1" : 0.000000,
        "2" : 0.000000,
        "4" : 0.000000,
        "8" : 0.000000,
        "16" : 0.000000,
        "32" : 0.000000,
        ">=64" : 100.000000
      },
      "iodepth_submit" : {
        "0" : 0.000000,
        "4" : 100.000000,
        "8" : 0.000000,
        "16" : 0.000000,
        "32" : 0.000000,
        "64" : 0.000000,
        ">=64" : 0.000000
      },
      "iodepth_complete" : {
        "0" : 0.000000,
        "4" : 99.999692,
        "8" : 0.000000,
        "16" : 0.000000,
        "32" : 0.000000,
        "64" : 0.100000,
        ">=64" : 0.000000
      },
      "latency_ns" : {
        "2" : 0.000000,
        "4" : 0.000000,
        "10" : 0.000000,
        "20" : 0.000000,
        "50" : 0.000000,
        "100" : 0.000000,
        "250" : 0.000000,
        "500" : 0.000000,
        "750" : 0.000000,
        "1000" : 0.000000
      },
      "latency_us" : {
        "2" : 0.010000,
        "4" : 0.000000,
        "10" : 0.000000,
        "20" : 0.000000,
        "50" : 0.000000,
        "100" : 0.000000,
        "250" : 0.000000,
        "500" : 0.000000,
        "750" : 0.000000,
        "1000" : 0.010000
      },
      "latency_ms" : {
        "2" : 0.010000,
        "4" : 0.010000,
        "10" : 0.076577,
        "20" : 70.605946,
        "50" : 28.055333,
        "100" : 0.174683,
        "250" : 0.689197,
        "500" : 0.308155,
        "750" : 0.087034,
        "1000" : 0.000000,