{
  "fio version" : "fio-3.16",
  "timestamp" : 1708236627,
  "timestamp_ms" : 1708236627960,
  "time" : "Sun Feb 18 06:10:27 2024",
  "global options" : {
    "ioengine" : "libaio",
    "allow_mounted_write" : "1",
    "filename" : "/mnt/nvme0n1/fio"
  },
  "jobs" : [
    {
      "jobname" : "Web_Server",
      "groupid" : 0,
      "error" : 0,
      "eta" : 0,
      "elapsed" : 301,
      "job options" : {
        "nice" : "-16",
        "runtime" : "120s",
        "ramp_time" : "180s",
        "direct" : "0",
        "rw" : "randrw",
        "percentage_random" : "99,99",
        "bsrange" : "512-512k,512-512k",
        "iodepth" : "64",
        "size" : "128G"
      },
      "read" : {
        "io_bytes" : 26849717248,
        "io_kbytes" : 26220427,
        "bw_bytes" : 223745779,
        "bw" : 218501,
        "iops" : 1362.296981,
        "runtime" : 120001,
        "total_ios" : 163477,
        "short_ios" : 0,
        "drop_ios" : 0,
        "slat_ns" : {
          "min" : 942,
          "max" : 63080770,
          "mean" : 502877.682202,
          "stddev" : 1058843.188455
        },
        "clat_ns" : {
          "min" : 673103,
          "max" : 12775133837,
          "mean" : 23763098.025179,
          "stddev" : 200303951.698347,
          "percentile" : {
            "1.000000" : 11468800,
            "5.000000" : 12910592,
            "10.000000" : 13697024,
            "20.000000" : 14614528,
            "30.000000" : 15400960,
            "40.000000" : 16187392,
            "50.000000" : 16908288,
            "60.000000" : 17956864,
            "70.000000" : 19791872,
            "80.000000" : 23724032,
            "90.000000" : 26345472,
            "95.000000" : 27918336,
            "99.000000" : 102236160,
            "99.500000" : 170917888,
            "99.900000" : 471859200,
            "99.950000" : 557842432,
            "99.990000" : 12683575296
          }
        },
        "lat_ns" : {
          "min" : 1450561,
          "max" : 12775462543,
          "mean" : 24266638.134467,
          "stddev" : 200375118.107556
        },
        "bw_min" : 6098,
        "bw_max" : 321291,
        "bw_agg" : 100.000000,
        "bw_mean" : 242426.306977,
        "bw_dev" : 82284.494372,
        "bw_samples" : 215,
        "iops_min" : 60,
        "iops_max" : 2156,
        "iops_mean" : 1514.390698,
        "iops_stddev" : 581.853304,
        "iops_samples" : 215
      },
      "write" : {
        "io_bytes" : 26644234752,
        "io_kbytes" : 26019760,
        "bw_bytes" : 222033439,
        "bw" : 216829,
        "iops" : 1355.538704,
        "runtime" : 120001,
        "total_ios" : 162666,
        "short_ios" : 0,
        "drop_ios" : 0,
        "slat_ns" : {
          "min" : 1193,
          "max" : 33319221,
          "mean" : 151371.839549,
          "stddev" : 343855.780385
        },
        "clat_ns" : {
          "min" : 1493,
          "max" : 12766970940,
          "mean" : 22609028.019503,
          "stddev" : 153274554.712560,
          "percentile" : {
            "1.000000" : 11468800,
            "5.000000" : 12910592,
            "10.000000" : 13697024,
            "20.000000" : 14745600,
            "30.000000" : 15532032,
            "40.000000" : 16187392,
            "50.000000" : 17170432,
            "60.000000" : 18219008,
            "70.000000" : 20054016,
            "80.000000" : 23986176,
            "90.000000" : 26345472,
            "95.000000" : 27918336,
            "99.000000" : 100139008,
            "99.500000" : 168820736,
            "99.900000" : 484442112,
            "99.950000" : 549453824,
            "99.990000" : 12683575296
          }
        },
        "lat_ns" : {
          "min" : 284093,
          "max" : 12767145958,
          "mean" : 22760652.025299,
          "stddev" : 153299873.530087
        },
        "bw_min" : 4954,
        "bw_max" : 348418,
        "bw_agg" : 100.000000,
        "bw_mean" : 240488.079070,
        "bw_dev" : 81425.356475,
        "bw_samples" : 215,
        "iops_min" : 46,
        "iops_max" : 2360,
        "iops_mean" : 1506.874419,
        "iops_stddev" : 578.855928,
        "iops_samples" : 215
      },
      "trim" : {
        "io_bytes" : 0,
        "io_kbytes" : 0,
        "bw_bytes" : 0,
        "bw" : 0,
        "iops" : 0.000000,
        "runtime" : 0,
        "total_ios" : 0,
        "short_ios" : 0,
        "drop_ios" : 0,
        "slat_ns" : {
          "min" : 0,
          "max" : 0,
          "mean" : 0.000000,
          "stddev" : 0.000000
        },
        "clat_ns" : {
          "min" : 0,
          "max" : 0,
          "mean" : 0.000000,
          "stddev" : 0.000000,
          "percentile" : {
            "1.000000" : 0,
            "5.000000" : 0,
            "10.000000" : 0,
            "20.000000" : 0,
            "30.000000" : 0,
            "40.000000" : 0,
            "50.000000" : 0,
            "60.000000" : 0,
            "70.000000" : 0,
            "80.000000" : 0,
            "90.000000" : 0,
            "95.000000" : 0,
            "99.000000" : 0,
            "99.500000" : 0,
            "99.900000" : 0,
            "99.950000" : 0,
            "99.990000" : 0
          }
        },
        "lat_ns" : {
          "min" : 0,
          "max" : 0,
          "mean" : 0.000000,
          "stddev" : 0.000000
        },
        "bw_min" : 0,
        "bw_max" : 0,
        "bw_agg" : 0.000000,
        "bw_mean" : 0.000000,
        "bw_dev" : 0.000000,
        "bw_samples" : 0,
        "iops_min" : 0,
        "iops_max" : 0,
        "iops_mean" : 0.000000,
        "iops_stddev" : 0.000000,
        "iops_samples" : 0
      },
      "sync" : {
        "lat_ns" : {
          "min" : 0,
          "max" : 0,
          "mean" : 0.000000,
          "stddev" : 0.000000,
          "percentile" : {
            "1.000000" : 0,
            "5.000000" : 0,
            "10.000000" : 0,
            "20.000000" : 0,
            "30.000000" : 0,
            "40.000000" : 0,
            "50.000000" : 0,
            "60.000000" : 0,
            "70.000000" : 0,
            "80.000000" : 0,
            "90.000000" : 0,
            "95.000000" : 0,
            "99.000000" : 0,
            "99.500000" : 0,
            "99.900000" : 0,
            "99.950000" : 0,
            "99.990000" : 0
          }
        },
        "total_ios" : 0
      },
      "job_runtime" : 120000,
      "usr_cpu" : 0.966667,
      "sys_cpu" : 28.625833,
      "ctx" : 393368,
      "majf" : 0,
      "minf" : 15,
      "iodepth_level" : {
        "1" : 0.000000,
        "2" : 0.000000,
        "4" : 0.000000,
        "8" : 0.000000,
        "16" : 0.000000,
        "32" : 0.000000,
        ">=64" : 100.000000
      },
      "iodepth_submit" : {
        "0" : 0.000000,
        "4" : 100.000000,
        "8" : 0.000000,
        "16" : 0.000000,
        "32" : 0.000000,
        "64" : 0.000000,
        ">=64" : 0.000000
      },
      "iodepth_complete" : {
        "0" : 0.000000,
        "4" : 99.999693,
        "8" : 0.000000,
        "16" : 0.000000,
        "32" : 0.000000,
        "64" : 0.100000,
        ">=64" : 0.000000
      },
      "latency_ns" : {
        "2" : 0.000000,
        "4" : 0.000000,
        "10" : 0.000000,
        "20" : 0.000000,
        "50" : 0.000000,
        "100" : 0.000000,
        "250" : 0.000000,
        "500" : 0.000000,
        "750" : 0.000000,
        "1000" : 0.000000
      },
      "latency_us" : {
        "2" : 0.010000,
        "4" : 0.000000,
        "10" : 0.000000,
        "20" : 0.000000,
        "50" : 0.000000,
        "100" : 0.000000,
        "250" : 0.000000,
        "500" : 0.010000,
        "750" : 0.010000,
        "1000" : 0.000000
      },
      "latency_ms" : {
        "2" : 0.010000,
        "4" : 0.010000,
        "10" : 0.060403,
        "20" : 70.087968,
        "50" : 28.608310,
        "100" : 0.248971,
        "250" : 0.674244,
        "500" : 0.257249,
        "750" : 0.059176,
        "1000" : 0.000000,