{
  "fio version" : "fio-3.16",
  "timestamp" : 1708236928,
  "timestamp_ms" : 1708236928514,
  "time" : "Sun Feb 18 06:15:28 2024",
  "global options" : {
    "ioengine" : "libaio",
    "allow_mounted_write" : "1",
    "filename" : "/mnt/nvme0n1/fio"
  },
  "jobs" : [
    {
      "jobname" : "Web_Server",
      "groupid" : 0,
      "error" : 0,
      "eta" : 0,
      "elapsed" : 301,
      "job options" : {
        "nice" : "-16",
        "runtime" : "120s",
        "ramp_time" : "180s",
        "direct" : "0",
        "rw" : "randrw",
        "percentage_random" : "99,99",
        "bsrange" : "512-512k,512-512k",
        "iodepth" : "64",
        "size" : "128G"
      },
      "read" : {
        "io_bytes" : 26104367104,
        "io_kbytes" : 25492546,
        "bw_bytes" : 217534579,
        "bw" : 212436,
        "iops" : 1327.172274,
        "runtime" : 120001,
        "total_ios" : 159262,
        "short_ios" : 0,
        "drop_ios" : 0,
        "slat_ns" : {
          "min" : 952,
          "max" : 89612593,
          "mean" : 515717.880110,
          "stddev" : 945221.890563
        },
        "clat_ns" : {
          "min" : 1814,
          "max" : 13352652639,
          "mean" : 24475604.804452,
          "stddev" : 211812521.410809,
          "percentile" : {
            "1.000000" : 11468800,
            "5.000000" : 12779520,
            "10.000000" : 13565952,
            "20.000000" : 14483456,
            "30.000000" : 15269888,
            "40.000000" : 16056320,
            "50.000000" : 16908288,
            "60.000000" : 17956864,
            "70.000000" : 20054016,
            "80.000000" : 24248320,
            "90.000000" : 26869760,
            "95.000000" : 28704768,
            "99.000000" : 123207680,
            "99.500000" : 166723584,
            "99.900000" : 438304768,
            "99.950000" : 530579456,
            "99.990000" : 13354663936
          }
        },
        "lat_ns" : {
          "min" : 1371162,
          "max" : 13352981245,
          "mean" : 24991632.767396,
          "stddev" : 211872314.742176
        },
        "bw_min" : 6334,
        "bw_max" : 321457,
        "bw_agg" : 100.000000,
        "bw_mean" : 237881.323944,
        "bw_dev" : 82701.877455,
        "bw_samples" : 213,
        "iops_min" : 64,
        "iops_max" : 2176,
        "iops_mean" : 1489.215962,
        "iops_stddev" : 605.879269,
        "iops_samples" : 213
      },
      "write" : {
        "io_bytes" : 25884520960,
        "io_kbytes" : 25277852,
        "bw_bytes" : 215702543,
        "bw" : 210647,
        "iops" : 1319.747335,
        "runtime" : 120001,
        "total_ios" : 158371,
        "short_ios" : 0,
        "drop_ios" : 0,
        "slat_ns" : {
          "min" : 1123,
          "max" : 25563016,
          "mean" : 152368.178164,
          "stddev" : 274648.404970
        },
        "clat_ns" : {
          "min" : 1372925,
          "max" : 13352695089,
          "mean" : 23124574.109495,
          "stddev" : 161705247.881320,
          "percentile" : {
            "1.000000" : 11468800,
            "5.000000" : 12779520,
            "10.000000" : 13565952,
            "20.000000" : 14614528,
            "30.000000" : 15400960,
            "40.000000" : 16056320,
            "50.000000" : 16908288,
            "60.000000" : 17956864,
            "70.000000" : 20054016,
            "80.000000" : 24510464,
            "90.000000" : 26869760,
            "95.000000" : 28704768,
            "99.000000" : 123207680,
            "99.500000" : 168820736,
            "99.900000" : 413138944,
            "99.950000" : 501219328,
            "99.990000" : 13220446208
          }
        },
        "lat_ns" : {
          "min" : 1720867,
          "max" : 13352851071,
          "mean" : 23277125.448845,
          "stddev" : 161723486.248714
        },
        "bw_min" : 5603,
        "bw_max" : 330560,
        "bw_agg" : 100.000000,
        "bw_mean" : 235837.361502,
        "bw_dev" : 82182.097437,
        "bw_samples" : 213,
        "iops_min" : 42,
        "iops_max" : 2308,
        "iops_mean" : 1480.577465,
        "iops_stddev" : 604.452481,
        "iops_samples" : 213
      },
      "trim" : {
        "io_bytes" : 0,
        "io_kbytes" : 0,
        "bw_bytes" : 0,
        "bw" : 0,
        "iops" : 0.000000,
        "runtime" : 0,
        "total_ios" : 0,
        "short_ios" : 0,
        "drop_ios" : 0,
        "slat_ns" : {
          "min" : 0,
          "max" : 0,
          "mean" : 0.000000,
          "stddev" : 0.000000
        },
        "clat_ns" : {
          "min" : 0,
          "max" : 0,
          "mean" : 0.000000,
          "stddev" : 0.000000,
          "percentile" : {
            "1.000000" : 0,
            "5.000000" : 0,
            "10.000000" : 0,
            "20.000000" : 0,
            "30.000000" : 0,
            "40.000000" : 0,
            "50.000000" : 0,
            "60.000000" : 0,
            "70.000000" : 0,
            "80.000000" : 0,
            "90.000000" : 0,
            "95.000000" : 0,
            "99.000000" : 0,
            "99.500000" : 0,
            "99.900000" : 0,
            "99.950000" : 0,
            "99.990000" : 0
          }
        },
        "lat_ns" : {
          "min" : 0,
          "max" : 0,
          "mean" : 0.000000,
          "stddev" : 0.000000
        },
        "bw_min" : 0,
        "bw_max" : 0,
        "bw_agg" : 0.000000,
        "bw_mean" : 0.000000,
        "bw_dev" : 0.000000,
        "bw_samples" : 0,
        "iops_min" : 0,
        "iops_max" : 0,
        "iops_mean" : 0.000000,
        "iops_stddev" : 0.000000,
        "iops_samples" : 0
      },
      "sync" : {
        "lat_ns" : {
          "min" : 0,
          "max" : 0,
          "mean" : 0.000000,
          "stddev" : 0.000000,
          "percentile" : {
            "1.000000" : 0,
            "5.000000" : 0,
            "10.000000" : 0,
            "20.000000" : 0,
            "30.000000" : 0,
            "40.000000" : 0,
            "50.000000" : 0,
            "60.000000" : 0,
            "70.000000" : 0,
            "80.000000" : 0,
            "90.000000" : 0,
            "95.000000" : 0,
            "99.000000" : 0,
            "99.500000" : 0,
            "99.900000" : 0,
            "99.950000" : 0,
            "99.990000" : 0
          }
        },
        "total_ios" : 0
      },
      "job_runtime" : 120000,
      "usr_cpu" : 0.933333,
      "sys_cpu" : 28.244167,
      "ctx" : 398645,
      "majf" : 0,
      "minf" : 15,
      "iodepth_level" : {
        "1" : 0.000000,
        "2" : 0.000000,
        "4" : 0.000000,
        "8" : 0.000000,
        "16" : 0.000000,
        "32" : 0.000000,
        ">=64" : 100.000000
      },
      "iodepth_submit" : {
        "0" : 0.000000,
        "4" : 100.000000,
        "8" : 0.000000,
        "16" : 0.000000,
        "32" : 0.000000,
        "64" : 0.000000,
        ">=64" : 0.000000
      },
      "iodepth_complete" : {
        "0" : 0.000000,
        "4" : 99.999685,
        "8" : 0.000000,
        "16" : 0.000000,
        "32" : 0.000000,
        "64" : 0.100000,
        ">=64" : 0.000000
      },
      "latency_ns" : {
        "2" : 0.000000,
        "4" : 0.000000,
        "10" : 0.000000,
        "20" : 0.000000,
        "50" : 0.000000,
        "100" : 0.000000,
        "250" : 0.000000,
        "500" : 0.000000,
        "750" : 0.000000,
        "1000" : 0.000000
      },
      "latency_us" : {
        "2" : 0.010000,
        "4" : 0.000000,
        "10" : 0.000000,
        "20" : 0.000000,
        "50" : 0.000000,
        "100" : 0.000000,
        "250" : 0.000000,
        "500" : 0.000000,
        "750" : 0.000000,
        "1000" : 0.000000
      },
      "latency_ms" : {
        "2" : 0.010000,
        "4" : 0.010000,
        "10" : 0.078707,
        "20" : 69.973838,
        "50" : 27.875882,
        "100" : 0.444853,
        "250" : 1.469935,
        "500" : 0.115227,
        "750" : 0.038409,
        "1000" : 0.000000,