{
  "fio version" : "fio-3.16",
  "timestamp" : 1708239777,
  "timestamp_ms" : 1708239777498,
  "time" : "Sun Feb 18 07:02:57 2024",
  "global options" : {
    "ioengine" : "libaio",
    "allow_mounted_write" : "1",
    "filename" : "/mnt/nvme0n1/fio"
  },
  "jobs" : [
    {
      "jobname" : "Web_Server",
      "groupid" : 0,
      "error" : 0,
      "eta" : 0,
      "elapsed" : 301,
      "job options" : {
        "nice" : "-16",
        "runtime" : "120s",
        "ramp_time" : "180s",
        "direct" : "0",
        "rw" : "randrw",
        "percentage_random" : "99,99",
        "bsrange" : "512-512k,512-512k",
        "iodepth" : "64",
        "size" : "128G"
      },
      "read" : {
        "io_bytes" : 25177903616,
        "io_kbytes" : 24587796,
        "bw_bytes" : 209814115,
        "bw" : 204896,
        "iops" : 1344.647128,
        "runtime" : 120001,
        "total_ios" : 161359,
        "short_ios" : 0,
        "drop_ios" : 0,
        "slat_ns" : {
          "min" : 892,
          "max" : 71410891,
          "mean" : 510719.243530,
          "stddev" : 1337253.876663
        },
        "clat_ns" : {
          "min" : 309791,
          "max" : 14266344458,
          "mean" : 23315756.247321,
          "stddev" : 196152638.397972,
          "percentile" : {
            "1.000000" : 11337728,
            "5.000000" : 12517376,
            "10.000000" : 13303808,
            "20.000000" : 14221312,
            "30.000000" : 14876672,
            "40.000000" : 15532032,
            "50.000000" : 16318464,
            "60.000000" : 17170432,
            "70.000000" : 18219008,
            "80.000000" : 20840448,
            "90.000000" : 26607616,
            "95.000000" : 28704768,
            "99.000000" : 109576192,
            "99.500000" : 227540992,
            "99.900000" : 566231040,
            "99.950000" : 633339904,
            "99.990000" : 14159970304
          }
        },
        "lat_ns" : {
          "min" : 1089954,
          "max" : 14267643465,
          "mean" : 23826653.905235,
          "stddev" : 196277063.938249
        },
        "bw_min" : 4560,
        "bw_max" : 313025,
        "bw_agg" : 100.000000,
        "bw_mean" : 230434.594340,
        "bw_dev" : 89771.101576,
        "bw_samples" : 212,
        "iops_min" : 42,
        "iops_max" : 2224,
        "iops_mean" : 1516.278302,
        "iops_stddev" : 663.549855,
        "iops_samples" : 212
      },
      "write" : {
        "io_bytes" : 25021854208,
        "io_kbytes" : 24435404,
        "bw_bytes" : 208513714,
        "bw" : 203626,
        "iops" : 1336.972192,
        "runtime" : 120001,
        "total_ios" : 160438,
        "short_ios" : 0,
        "drop_ios" : 0,
        "slat_ns" : {
          "min" : 1242,
          "max" : 27386987,
          "mean" : 143067.505248,
          "stddev" : 332873.580343
        },
        "clat_ns" : {
          "min" : 1693,
          "max" : 14267420015,
          "mean" : 23666725.636327,
          "stddev" : 205927977.657440,
          "percentile" : {
            "1.000000" : 11337728,
            "5.000000" : 12517376,
            "10.000000" : 13303808,
            "20.000000" : 14221312,
            "30.000000" : 14876672,
            "40.000000" : 15663104,
            "50.000000" : 16318464,
            "60.000000" : 17170432,
            "70.000000" : 18219008,
            "80.000000" : 20840448,
            "90.000000" : 26607616,
            "95.000000" : 28704768,
            "99.000000" : 109576192,
            "99.500000" : 240123904,
            "99.900000" : 591396864,
            "99.950000" : 633339904,
            "99.990000" : 14159970304
          }
        },
        "lat_ns" : {
          "min" : 242956,
          "max" : 14267446605,
          "mean" : 23809938.247496,
          "stddev" : 205949186.805260
        },
        "bw_min" : 4938,
        "bw_max" : 330156,
        "bw_agg" : 100.000000,
        "bw_mean" : 229120.542453,
        "bw_dev" : 90205.201050,
        "bw_samples" : 212,
        "iops_min" : 42,
        "iops_max" : 2198,
        "iops_mean" : 1508.018868,
        "iops_stddev" : 661.053274,
        "iops_samples" : 212
      },
      "trim" : {
        "io_bytes" : 0,
        "io_kbytes" : 0,
        "bw_bytes" : 0,
        "bw" : 0,
        "iops" : 0.000000,
        "runtime" : 0,
        "total_ios" : 0,
        "short_ios" : 0,
        "drop_ios" : 0,
        "slat_ns" : {
          "min" : 0,
          "max" : 0,
          "mean" : 0.000000,
          "stddev" : 0.000000
        },
        "clat_ns" : {
          "min" : 0,
          "max" : 0,
          "mean" : 0.000000,
          "stddev" : 0.000000,
          "percentile" : {
            "1.000000" : 0,
            "5.000000" : 0,
            "10.000000" : 0,
            "20.000000" : 0,
            "30.000000" : 0,
            "40.000000" : 0,
            "50.000000" : 0,
            "60.000000" : 0,
            "70.000000" : 0,
            "80.000000" : 0,
            "90.000000" : 0,
            "95.000000" : 0,
            "99.000000" : 0,
            "99.500000" : 0,
            "99.900000" : 0,
            "99.950000" : 0,
            "99.990000" : 0
          }
        },
        "lat_ns" : {
          "min" : 0,
          "max" : 0,
          "mean" : 0.000000,
          "stddev" : 0.000000
        },
        "bw_min" : 0,
        "bw_max" : 0,
        "bw_agg" : 0.000000,
        "bw_mean" : 0.000000,
        "bw_dev" : 0.000000,
        "bw_samples" : 0,
        "iops_min" : 0,
        "iops_max" : 0,
        "iops_mean" : 0.000000,
        "iops_stddev" : 0.000000,
        "iops_samples" : 0
      },
      "sync" : {
        "lat_ns" : {
          "min" : 0,
          "max" : 0,
          "mean" : 0.000000,
          "stddev" : 0.000000,
          "percentile" : {
            "1.000000" : 0,
            "5.000000" : 0,
            "10.000000" : 0,
            "20.000000" : 0,
            "30.000000" : 0,
            "40.000000" : 0,
            "50.000000" : 0,
            "60.000000" : 0,
            "70.000000" : 0,
            "80.000000" : 0,
            "90.000000" : 0,
            "95.000000" : 0,
            "99.000000" : 0,
            "99.500000" : 0,
            "99.900000" : 0,
            "99.950000" : 0,
            "99.990000" : 0
          }
        },
        "total_ios" : 0
      },
      "job_runtime" : 120000,
      "usr_cpu" : 0.902500,
      "sys_cpu" : 28.281667,
      "ctx" : 369394,
      "majf" : 0,
      "minf" : 15,
      "iodepth_level" : {
        "1" : 0.000000,
        "2" : 0.000000,
        "4" : 0.000000,
        "8" : 0.000000,
        "16" : 0.000000,
        "32" : 0.000000,
        ">=64" : 100.000000
      },
      "iodepth_submit" : {
        "0" : 0.000000,
        "4" : 100.000000,
        "8" : 0.000000,
        "16" : 0.000000,
        "32" : 0.000000,
        "64" : 0.000000,
        ">=64" : 0.000000
      },
      "iodepth_complete" : {
        "0" : 0.000000,
        "4" : 99.999689,
        "8" : 0.000000,
        "16" : 0.000000,
        "32" : 0.000000,
        "64" : 0.100000,
        ">=64" : 0.000000
      },
      "latency_ns" : {
        "2" : 0.000000,
        "4" : 0.000000,
        "10" : 0.000000,
        "20" : 0.000000,
        "50" : 0.000000,
        "100" : 0.000000,
        "250" : 0.000000,
        "500" : 0.000000,
        "750" : 0.000000,
        "1000" : 0.000000
      },
      "latency_us" : {
        "2" : 0.010000,
        "4" : 0.000000,
        "10" : 0.000000,
        "20" : 0.000000,
        "50" : 0.000000,
        "100" : 0.000000,
        "250" : 0.010000,
        "500" : 0.010000,
        "750" : 0.000000,
        "1000" : 0.000000
      },
      "latency_ms" : {
        "2" : 0.010000,
        "4" : 0.010000,
        "10" : 0.101617,
        "20" : 78.472142,
        "50" : 19.797574,
        "100" : 0.471415,
        "250" : 0.695470,
        "500" : 0.316349,
        "750" : 0.142326,
        "1000" : 0.010000,