{
  "fio version" : "fio-3.16",
  "timestamp" : 1708257267,
  "timestamp_ms" : 1708257267521,
  "time" : "Sun Feb 18 11:54:27 2024",
  "global options" : {
    "ioengine" : "libaio",
    "allow_mounted_write" : "1",
    "filename" : "/mnt/nvme0n1/fio"
  },
  "jobs" : [
    {
      "jobname" : "Web_Server",
      "groupid" : 0,
      "error" : 0,
      "eta" : 0,
      "elapsed" : 301,
      "job options" : {
        "nice" : "-16",
        "runtime" : "120s",
        "ramp_time" : "180s",
        "direct" : "0",
        "rw" : "randrw",
        "percentage_random" : "99,99",
        "bsrange" : "512-512k,512-512k",
        "iodepth" : "64",
        "size" : "128G"
      },
      "read" : {
        "io_bytes" : 27509982208,
        "io_kbytes" : 26865217,
        "bw_bytes" : 229247941,
        "bw" : 223874,
        "iops" : 1520.812327,
        "runtime" : 120001,
        "total_ios" : 182499,
        "short_ios" : 0,
        "drop_ios" : 0,
        "slat_ns" : {
          "min" : 1032,
          "max" : 14800825,
          "mean" : 536039.533414,
          "stddev" : 552329.465888
        },
        "clat_ns" : {
          "min" : 1833,
          "max" : 194599656,
          "mean" : 20745912.121994,
          "stddev" : 12700471.731928,
          "percentile" : {
            "1.000000" : 13172736,
            "5.000000" : 14745600,
            "10.000000" : 15663104,
            "20.000000" : 16908288,
            "30.000000" : 17694720,
            "40.000000" : 18481152,
            "50.000000" : 19267584,
            "60.000000" : 20054016,
            "70.000000" : 20840448,
            "80.000000" : 21889024,
            "90.000000" : 23461888,
            "95.000000" : 25034752,
            "99.000000" : 108527616,
            "99.500000" : 135266304,
            "99.900000" : 162529280,
            "99.950000" : 170917888,
            "99.990000" : 185597952
          }
        },
        "lat_ns" : {
          "min" : 319329,
          "max" : 199684882,
          "mean" : 21282162.750117,
          "stddev" : 13014264.942216
        },
        "bw_min" : 30150,
        "bw_max" : 251642,
        "bw_agg" : 99.965430,
        "bw_mean" : 223796.606695,
        "bw_dev" : 51883.655494,
        "bw_samples" : 239,
        "iops_min" : 192,
        "iops_max" : 1922,
        "iops_mean" : 1519.225941,
        "iops_stddev" : 373.801445,
        "iops_samples" : 239
      },
      "write" : {
        "io_bytes" : 27523126784,
        "io_kbytes" : 26878053,
        "bw_bytes" : 229357478,
        "bw" : 223981,
        "iops" : 1518.804010,
        "runtime" : 120001,
        "total_ios" : 182258,
        "short_ios" : 0,
        "drop_ios" : 0,
        "slat_ns" : {
          "min" : 1242,
          "max" : 5935671,
          "mean" : 118610.799669,
          "stddev" : 139150.505851
        },
        "clat_ns" : {
          "min" : 818094,
          "max" : 197644406,
          "mean" : 20704171.406621,
          "stddev" : 12439364.088215,
          "percentile" : {
            "1.000000" : 13172736,
            "5.000000" : 14745600,
            "10.000000" : 15663104,
            "20.000000" : 16908288,
            "30.000000" : 17694720,
            "40.000000" : 18481152,
            "50.000000" : 19267584,
            "60.000000" : 20054016,
            "70.000000" : 20840448,
            "80.000000" : 21889024,
            "90.000000" : 23461888,
            "95.000000" : 25034752,
            "99.000000" : 105381888,
            "99.500000" : 132644864,
            "99.900000" : 164626432,
            "99.950000" : 173015040,
            "99.990000" : 185597952
          }
        },
        "lat_ns" : {
          "min" : 945663,
          "max" : 199008053,
          "mean" : 20822938.053474,
          "stddev" : 12500654.916020
        },
        "bw_min" : 24527,
        "bw_max" : 273020,
        "bw_agg" : 99.964227,
        "bw_mean" : 223900.874477,
        "bw_dev" : 54121.010407,
        "bw_samples" : 239,
        "iops_min" : 174,
        "iops_max" : 1946,
        "iops_mean" : 1517.234310,
        "iops_stddev" : 379.693623,
        "iops_samples" : 239
      },
      "trim" : {
        "io_bytes" : 0,
        "io_kbytes" : 0,
        "bw_bytes" : 0,
        "bw" : 0,
        "iops" : 0.000000,
        "runtime" : 0,
        "total_ios" : 0,
        "short_ios" : 0,
        "drop_ios" : 0,
        "slat_ns" : {
          "min" : 0,
          "max" : 0,
          "mean" : 0.000000,
          "stddev" : 0.000000
        },
        "clat_ns" : {
          "min" : 0,
          "max" : 0,
          "mean" : 0.000000,
          "stddev" : 0.000000,
          "percentile" : {
            "1.000000" : 0,
            "5.000000" : 0,
            "10.000000" : 0,
            "20.000000" : 0,
            "30.000000" : 0,
            "40.000000" : 0,
            "50.000000" : 0,
            "60.000000" : 0,
            "70.000000" : 0,
            "80.000000" : 0,
            "90.000000" : 0,
            "95.000000" : 0,
            "99.000000" : 0,
            "99.500000" : 0,
            "99.900000" : 0,
            "99.950000" : 0,
            "99.990000" : 0
          }
        },
        "lat_ns" : {
          "min" : 0,
          "max" : 0,
          "mean" : 0.000000,
          "stddev" : 0.000000
        },
        "bw_min" : 0,
        "bw_max" : 0,
        "bw_agg" : 0.000000,
        "bw_mean" : 0.000000,
        "bw_dev" : 0.000000,
        "bw_samples" : 0,
        "iops_min" : 0,
        "iops_max" : 0,
        "iops_mean" : 0.000000,
        "iops_stddev" : 0.000000,
        "iops_samples" : 0
      },
      "sync" : {
        "lat_ns" : {
          "min" : 0,
          "max" : 0,
          "mean" : 0.000000,
          "stddev" : 0.000000,
          "percentile" : {
            "1.000000" : 0,
            "5.000000" : 0,
            "10.000000" : 0,
            "20.000000" : 0,
            "30.000000" : 0,
            "40.000000" : 0,
            "50.000000" : 0,
            "60.000000" : 0,
            "70.000000" : 0,
            "80.000000" : 0,
            "90.000000" : 0,
            "95.000000" : 0,
            "99.000000" : 0,
            "99.500000" : 0,
            "99.900000" : 0,
            "99.950000" : 0,
            "99.990000" : 0
          }
        },
        "total_ios" : 0
      },
      "job_runtime" : 120000,
      "usr_cpu" : 0.928333,
      "sys_cpu" : 18.127500,
      "ctx" : 406637,
      "majf" : 0,
      "minf" : 15,
      "iodepth_level" : {
        "1" : 0.000000,
        "2" : 0.000000,
        "4" : 0.000000,
        "8" : 0.000000,
        "16" : 0.000000,
        "32" : 0.000000,
        ">=64" : 100.000000
      },
      "iodepth_submit" : {
        "0" : 0.000000,
        "4" : 100.000000,
        "8" : 0.000000,
        "16" : 0.000000,
        "32" : 0.000000,
        "64" : 0.000000,
        ">=64" : 0.000000
      },
      "iodepth_complete" : {
        "0" : 0.000000,
        "4" : 99.999726,
        "8" : 0.000000,
        "16" : 0.000000,
        "32" : 0.000000,
        "64" : 0.100000,
        ">=64" : 0.000000
      },
      "latency_ns" : {
        "2" : 0.000000,
        "4" : 0.000000,
        "10" : 0.000000,
        "20" : 0.000000,
        "50" : 0.000000,
        "100" : 0.000000,
        "250" : 0.000000,
        "500" : 0.000000,
        "750" : 0.000000,
        "1000" : 0.000000
      },
      "latency_us" : {
        "2" : 0.010000,
        "4" : 0.000000,
        "10" : 0.000000,
        "20" : 0.000000,
        "50" : 0.000000,
        "100" : 0.000000,
        "250" : 0.000000,
        "500" : 0.010000,
        "750" : 0.000000,
        "1000" : 0.010000
      },
      "latency_ms" : {
        "2" : 0.010000,
        "4" : 0.010000,
        "10" : 0.011515,
        "20" : 59.048901,
        "50" : 39.690534,
        "100" : 0.203149,
        "250" : 1.059884,
        "500" : 0.000000,
        "750" : 0.000000,
        "1000" : 0.000000,