{
  "fio version" : "fio-3.16",
  "timestamp" : 1708240078,
  "timestamp_ms" : 1708240078063,
  "time" : "Sun Feb 18 07:07:58 2024",
  "global options" : {
    "ioengine" : "libaio",
    "allow_mounted_write" : "1",
    "filename" : "/mnt/nvme0n1/fio"
  },
  "jobs" : [
    {
      "jobname" : "Web_Server",
      "groupid" : 0,
      "error" : 0,
      "eta" : 0,
      "elapsed" : 301,
      "job options" : {
        "nice" : "-16",
        "runtime" : "120s",
        "ramp_time" : "180s",
        "direct" : "0",
        "rw" : "randrw",
        "percentage_random" : "99,99",
        "bsrange" : "512-512k,512-512k",
        "iodepth" : "64",
        "size" : "128G"
      },
      "read" : {
        "io_bytes" : 26075778048,
        "io_kbytes" : 25464627,
        "bw_bytes" : 217296339,
        "bw" : 212203,
        "iops" : 1345.438788,
        "runtime" : 120001,
        "total_ios" : 161454,
        "short_ios" : 0,
        "drop_ios" : 0,
        "slat_ns" : {
          "min" : 1002,
          "max" : 76386401,
          "mean" : 509598.609127,
          "stddev" : 1143536.501526
        },
        "clat_ns" : {
          "min" : 1614,
          "max" : 13605847034,
          "mean" : 23531788.014485,
          "stddev" : 195491164.430541,
          "percentile" : {
            "1.000000" : 11468800,
            "5.000000" : 12910592,
            "10.000000" : 13697024,
            "20.000000" : 14614528,
            "30.000000" : 15400960,
            "40.000000" : 16187392,
            "50.000000" : 16908288,
            "60.000000" : 17956864,
            "70.000000" : 19529728,
            "80.000000" : 22937600,
            "90.000000" : 26345472,
            "95.000000" : 28442624,
            "99.000000" : 112721920,
            "99.500000" : 139460608,
            "99.900000" : 517996544,
            "99.950000" : 624951296,
            "99.990000" : 13623099392
          }
        },
        "lat_ns" : {
          "min" : 828043,
          "max" : 13606253776,
          "mean" : 24041529.700798,
          "stddev" : 195582853.283976
        },
        "bw_min" : 4831,
        "bw_max" : 333210,
        "bw_agg" : 100.000000,
        "bw_mean" : 237665.173709,
        "bw_dev" : 87135.135827,
        "bw_samples" : 213,
        "iops_min" : 34,
        "iops_max" : 2194,
        "iops_mean" : 1509.967136,
        "iops_stddev" : 610.961633,
        "iops_samples" : 213
      },
      "write" : {
        "io_bytes" : 25829633024,
        "io_kbytes" : 25224251,
        "bw_bytes" : 215245148,
        "bw" : 210200,
        "iops" : 1338.322181,
        "runtime" : 120001,
        "total_ios" : 160600,
        "short_ios" : 0,
        "drop_ios" : 0,
        "slat_ns" : {
          "min" : 1132,
          "max" : 21769152,
          "mean" : 147648.441050,
          "stddev" : 304044.608860
        },
        "clat_ns" : {
          "min" : 993243,
          "max" : 13605773886,
          "mean" : 23410710.335408,
          "stddev" : 187130773.989836,
          "percentile" : {
            "1.000000" : 11468800,
            "5.000000" : 12910592,
            "10.000000" : 13697024,
            "20.000000" : 14614528,
            "30.000000" : 15400960,
            "40.000000" : 16187392,
            "50.000000" : 16908288,
            "60.000000" : 17956864,
            "70.000000" : 19529728,
            "80.000000" : 23199744,
            "90.000000" : 26345472,
            "95.000000" : 28442624,
            "99.000000" : 113770496,
            "99.500000" : 137363456,
            "99.900000" : 522190848,
            "99.950000" : 633339904,
            "99.990000" : 13623099392
          }
        },
        "lat_ns" : {
          "min" : 1087169,
          "max" : 13605865989,
          "mean" : 23558510.034202,
          "stddev" : 187151195.386628
        },
        "bw_min" : 4657,
        "bw_max" : 339784,
        "bw_agg" : 100.000000,
        "bw_mean" : 235275.957746,
        "bw_dev" : 86786.279690,
        "bw_samples" : 213,
        "iops_min" : 48,
        "iops_max" : 2200,
        "iops_mean" : 1501.553991,
        "iops_stddev" : 607.768275,
        "iops_samples" : 213
      },
      "trim" : {
        "io_bytes" : 0,
        "io_kbytes" : 0,
        "bw_bytes" : 0,
        "bw" : 0,
        "iops" : 0.000000,
        "runtime" : 0,
        "total_ios" : 0,
        "short_ios" : 0,
        "drop_ios" : 0,
        "slat_ns" : {
          "min" : 0,
          "max" : 0,
          "mean" : 0.000000,
          "stddev" : 0.000000
        },
        "clat_ns" : {
          "min" : 0,
          "max" : 0,
          "mean" : 0.000000,
          "stddev" : 0.000000,
          "percentile" : {
            "1.000000" : 0,
            "5.000000" : 0,
            "10.000000" : 0,
            "20.000000" : 0,
            "30.000000" : 0,
            "40.000000" : 0,
            "50.000000" : 0,
            "60.000000" : 0,
            "70.000000" : 0,
            "80.000000" : 0,
            "90.000000" : 0,
            "95.000000" : 0,
            "99.000000" : 0,
            "99.500000" : 0,
            "99.900000" : 0,
            "99.950000" : 0,
            "99.990000" : 0
          }
        },
        "lat_ns" : {
          "min" : 0,
          "max" : 0,
          "mean" : 0.000000,
          "stddev" : 0.000000
        },
        "bw_min" : 0,
        "bw_max" : 0,
        "bw_agg" : 0.000000,
        "bw_mean" : 0.000000,
        "bw_dev" : 0.000000,
        "bw_samples" : 0,
        "iops_min" : 0,
        "iops_max" : 0,
        "iops_mean" : 0.000000,
        "iops_stddev" : 0.000000,
        "iops_samples" : 0
      },
      "sync" : {
        "lat_ns" : {
          "min" : 0,
          "max" : 0,
          "mean" : 0.000000,
          "stddev" : 0.000000,
          "percentile" : {
            "1.000000" : 0,
            "5.000000" : 0,
            "10.000000" : 0,
            "20.000000" : 0,
            "30.000000" : 0,
            "40.000000" : 0,
            "50.000000" : 0,
            "60.000000" : 0,
            "70.000000" : 0,
            "80.000000" : 0,
            "90.000000" : 0,
            "95.000000" : 0,
            "99.000000" : 0,
            "99.500000" : 0,
            "99.900000" : 0,
            "99.950000" : 0,
            "99.990000" : 0
          }
        },
        "total_ios" : 0
      },
      "job_runtime" : 120000,
      "usr_cpu" : 0.921667,
      "sys_cpu" : 28.205000,
      "ctx" : 386367,
      "majf" : 0,
      "minf" : 15,
      "iodepth_level" : {
        "1" : 0.000000,
        "2" : 0.000000,
        "4" : 0.000000,
        "8" : 0.000000,
        "16" : 0.000000,
        "32" : 0.000000,
        ">=64" : 100.000000
      },
      "iodepth_submit" : {
        "0" : 0.000000,
        "4" : 100.000000,
        "8" : 0.000000,
        "16" : 0.000000,
        "32" : 0.000000,
        "64" : 0.000000,
        ">=64" : 0.000000
      },
      "iodepth_complete" : {
        "0" : 0.000000,
        "4" : 99.999689,
        "8" : 0.000000,
        "16" : 0.000000,
        "32" : 0.000000,
        "64" : 0.100000,
        ">=64" : 0.000000
      },
      "latency_ns" : {
        "2" : 0.000000,
        "4" : 0.000000,
        "10" : 0.000000,
        "20" : 0.000000,
        "50" : 0.000000,
        "100" : 0.000000,
        "250" : 0.000000,
        "500" : 0.000000,
        "750" : 0.000000,
        "1000" : 0.000000
      },
      "latency_us" : {
        "2" : 0.010000,
        "4" : 0.000000,
        "10" : 0.000000,
        "20" : 0.000000,
        "50" : 0.000000,
        "100" : 0.000000,
        "250" : 0.000000,
        "500" : 0.000000,
        "750" : 0.000000,
        "1000" : 0.010000
      },
      "latency_ms" : {
        "2" : 0.010000,
        "4" : 0.010000,
        "10" : 0.095015,
        "20" : 72.225465,
        "50" : 26.063952,
        "100" : 0.369193,
        "250" : 0.963814,
        "500" : 0.173573,
        "750" : 0.097189,
        "1000" : 0.010000,