{
  "fio version" : "fio-3.16",
  "timestamp" : 1708255163,
  "timestamp_ms" : 1708255163347,
  "time" : "Sun Feb 18 11:19:23 2024",
  "global options" : {
    "ioengine" : "libaio",
    "allow_mounted_write" : "1",
    "filename" : "/mnt/nvme0n1/fio"
  },
  "jobs" : [
    {
      "jobname" : "Web_Server",
      "groupid" : 0,
      "error" : 0,
      "eta" : 0,
      "elapsed" : 301,
      "job options" : {
        "nice" : "-16",
        "runtime" : "120s",
        "ramp_time" : "180s",
        "direct" : "0",
        "rw" : "randrw",
        "percentage_random" : "99,99",
        "bsrange" : "512-512k,512-512k",
        "iodepth" : "64",
        "size" : "128G"
      },
      "read" : {
        "io_bytes" : 23453259264,
        "io_kbytes" : 22903573,
        "bw_bytes" : 195422656,
        "bw" : 190842,
        "iops" : 1377.942390,
        "runtime" : 120013,
        "total_ios" : 165371,
        "short_ios" : 0,
        "drop_ios" : 0,
        "slat_ns" : {
          "min" : 972,
          "max" : 75432002,
          "mean" : 589707.034667,
          "stddev" : 2006844.444020
        },
        "clat_ns" : {
          "min" : 2084,
          "max" : 1070517461,
          "mean" : 22758422.903146,
          "stddev" : 51948015.095725,
          "percentile" : {
            "1.000000" : 11862016,
            "5.000000" : 13303808,
            "10.000000" : 14221312,
            "20.000000" : 15269888,
            "30.000000" : 16056320,
            "40.000000" : 16711680,
            "50.000000" : 17432576,
            "60.000000" : 18219008,
            "70.000000" : 19005440,
            "80.000000" : 19791872,
            "90.000000" : 21364736,
            "95.000000" : 22413312,
            "99.000000" : 238026752,
            "99.500000" : 497025024,
            "99.900000" : 708837376,
            "99.950000" : 792723456,
            "99.990000" : 952107008
          }
        },
        "lat_ns" : {
          "min" : 8790634,
          "max" : 1077973382,
          "mean" : 23348287.776468,
          "stddev" : 53244998.770138
        },
        "bw_min" : 2376,
        "bw_max" : 264644,
        "bw_agg" : 99.986164,
        "bw_mean" : 190815.595833,
        "bw_dev" : 100250.472652,
        "bw_samples" : 240,
        "iops_min" : 24,
        "iops_max" : 2104,
        "iops_mean" : 1377.962500,
        "iops_stddev" : 735.186916,
        "iops_samples" : 240
      },
      "write" : {
        "io_bytes" : 23416587264,
        "io_kbytes" : 22867761,
        "bw_bytes" : 195117089,
        "bw" : 190544,
        "iops" : 1372.342996,
        "runtime" : 120013,
        "total_ios" : 164699,
        "short_ios" : 0,
        "drop_ios" : 0,
        "slat_ns" : {
          "min" : 1253,
          "max" : 38348211,
          "mean" : 133593.737594,
          "stddev" : 521722.663589
        },
        "clat_ns" : {
          "min" : 8650271,
          "max" : 1054532997,
          "mean" : 23051885.736786,
          "stddev" : 52739710.244848,
          "percentile" : {
            "1.000000" : 11862016,
            "5.000000" : 13303808,
            "10.000000" : 14221312,
            "20.000000" : 15269888,
            "30.000000" : 16056320,
            "40.000000" : 16711680,
            "50.000000" : 17432576,
            "60.000000" : 18219008,
            "70.000000" : 19005440,
            "80.000000" : 19791872,
            "90.000000" : 21364736,
            "95.000000" : 22675456,
            "99.000000" : 274726912,
            "99.500000" : 509607936,
            "99.900000" : 700448768,
            "99.950000" : 784334848,
            "99.990000" : 868220928
          }
        },
        "lat_ns" : {
          "min" : 8796906,
          "max" : 1073180545,
          "mean" : 23185624.819686,
          "stddev" : 52985792.181474
        },
        "bw_min" : 3752,
        "bw_max" : 284588,
        "bw_agg" : 99.991631,
        "bw_mean" : 190528.054167,
        "bw_dev" : 100780.926393,
        "bw_samples" : 240,
        "iops_min" : 24,
        "iops_max" : 2238,
        "iops_mean" : 1372.462500,
        "iops_stddev" : 731.536589,
        "iops_samples" : 240
      },
      "trim" : {
        "io_bytes" : 0,
        "io_kbytes" : 0,
        "bw_bytes" : 0,
        "bw" : 0,
        "iops" : 0.000000,
        "runtime" : 0,
        "total_ios" : 0,
        "short_ios" : 0,
        "drop_ios" : 0,
        "slat_ns" : {
          "min" : 0,
          "max" : 0,
          "mean" : 0.000000,
          "stddev" : 0.000000
        },
        "clat_ns" : {
          "min" : 0,
          "max" : 0,
          "mean" : 0.000000,
          "stddev" : 0.000000,
          "percentile" : {
            "1.000000" : 0,
            "5.000000" : 0,
            "10.000000" : 0,
            "20.000000" : 0,
            "30.000000" : 0,
            "40.000000" : 0,
            "50.000000" : 0,
            "60.000000" : 0,
            "70.000000" : 0,
            "80.000000" : 0,
            "90.000000" : 0,
            "95.000000" : 0,
            "99.000000" : 0,
            "99.500000" : 0,
            "99.900000" : 0,
            "99.950000" : 0,
            "99.990000" : 0
          }
        },
        "lat_ns" : {
          "min" : 0,
          "max" : 0,
          "mean" : 0.000000,
          "stddev" : 0.000000
        },
        "bw_min" : 0,
        "bw_max" : 0,
        "bw_agg" : 0.000000,
        "bw_mean" : 0.000000,
        "bw_dev" : 0.000000,
        "bw_samples" : 0,
        "iops_min" : 0,
        "iops_max" : 0,
        "iops_mean" : 0.000000,
        "iops_stddev" : 0.000000,
        "iops_samples" : 0
      },
      "sync" : {
        "lat_ns" : {
          "min" : 0,
          "max" : 0,
          "mean" : 0.000000,
          "stddev" : 0.000000,
          "percentile" : {
            "1.000000" : 0,
            "5.000000" : 0,
            "10.000000" : 0,
            "20.000000" : 0,
            "30.000000" : 0,
            "40.000000" : 0,
            "50.000000" : 0,
            "60.000000" : 0,
            "70.000000" : 0,
            "80.000000" : 0,
            "90.000000" : 0,
            "95.000000" : 0,
            "99.000000" : 0,
            "99.500000" : 0,
            "99.900000" : 0,
            "99.950000" : 0,
            "99.990000" : 0
          }
        },
        "total_ios" : 0
      },
      "job_runtime" : 120012,
      "usr_cpu" : 0.859081,
      "sys_cpu" : 15.441789,
      "ctx" : 342787,
      "majf" : 0,
      "minf" : 15,
      "iodepth_level" : {
        "1" : 0.000000,
        "2" : 0.000000,
        "4" : 0.000000,
        "8" : 0.000000,
        "16" : 0.000000,
        "32" : 0.000000,
        ">=64" : 100.000000
      },
      "iodepth_submit" : {
        "0" : 0.000000,
        "4" : 100.000000,
        "8" : 0.000000,
        "16" : 0.000000,
        "32" : 0.000000,
        "64" : 0.000000,
        ">=64" : 0.000000
      },
      "iodepth_complete" : {
        "0" : 0.000000,
        "4" : 99.999697,
        "8" : 0.000000,
        "16" : 0.000000,
        "32" : 0.000000,
        "64" : 0.100000,
        ">=64" : 0.000000
      },
      "latency_ns" : {
        "2" : 0.000000,
        "4" : 0.000000,
        "10" : 0.000000,
        "20" : 0.000000,
        "50" : 0.000000,
        "100" : 0.000000,
        "250" : 0.000000,
        "500" : 0.000000,
        "750" : 0.000000,
        "1000" : 0.000000
      },
      "latency_us" : {
        "2" : 0.000000,
        "4" : 0.010000,
        "10" : 0.000000,
        "20" : 0.000000,
        "50" : 0.000000,
        "100" : 0.000000,
        "250" : 0.000000,
        "500" : 0.000000,
        "750" : 0.000000,
        "1000" : 0.000000
      },
      "latency_ms" : {
        "2" : 0.000000,
        "4" : 0.000000,
        "10" : 0.041203,
        "20" : 81.054625,
        "50" : 17.598388,
        "100" : 0.145727,
        "250" : 0.163905,
        "500" : 0.511104,
        "750" : 0.432030,
        "1000" : 0.068773,