{
  "fio version" : "fio-3.16",
  "timestamp" : 1708255463,
  "timestamp_ms" : 1708255463937,
  "time" : "Sun Feb 18 11:24:23 2024",
  "global options" : {
    "ioengine" : "libaio",
    "allow_mounted_write" : "1",
    "filename" : "/mnt/nvme0n1/fio"
  },
  "jobs" : [
    {
      "jobname" : "Web_Server",
      "groupid" : 0,
      "error" : 0,
      "eta" : 0,
      "elapsed" : 301,
      "job options" : {
        "nice" : "-16",
        "runtime" : "120s",
        "ramp_time" : "180s",
        "direct" : "0",
        "rw" : "randrw",
        "percentage_random" : "99,99",
        "bsrange" : "512-512k,512-512k",
        "iodepth" : "64",
        "size" : "128G"
      },
      "read" : {
        "io_bytes" : 25580492800,
        "io_kbytes" : 24980950,
        "bw_bytes" : 213168996,
        "bw" : 208172,
        "iops" : 1457.304522,
        "runtime" : 120001,
        "total_ios" : 174878,
        "short_ios" : 0,
        "drop_ios" : 0,
        "slat_ns" : {
          "min" : 982,
          "max" : 105390930,
          "mean" : 553491.127442,
          "stddev" : 1389755.278133
        },
        "clat_ns" : {
          "min" : 1683,
          "max" : 770510764,
          "mean" : 21565622.546445,
          "stddev" : 34552395.938205,
          "percentile" : {
            "1.000000" : 12386304,
            "5.000000" : 13959168,
            "10.000000" : 14876672,
            "20.000000" : 15925248,
            "30.000000" : 16908288,
            "40.000000" : 17432576,
            "50.000000" : 18219008,
            "60.000000" : 19005440,
            "70.000000" : 19791872,
            "80.000000" : 20840448,
            "90.000000" : 22151168,
            "95.000000" : 23461888,
            "99.000000" : 129499136,
            "99.500000" : 185597952,
            "99.900000" : 574619648,
            "99.950000" : 616562688,
            "99.990000" : 692060160
          }
        },
        "lat_ns" : {
          "min" : 696226,
          "max" : 773044886,
          "mean" : 22119311.045316,
          "stddev" : 35453822.515984
        },
        "bw_min" : 4206,
        "bw_max" : 261848,
        "bw_agg" : 99.928222,
        "bw_mean" : 208022.577406,
        "bw_dev" : 82697.460207,
        "bw_samples" : 239,
        "iops_min" : 38,
        "iops_max" : 2012,
        "iops_mean" : 1455.004184,
        "iops_stddev" : 590.179950,
        "iops_samples" : 239
      },
      "write" : {
        "io_bytes" : 25584532480,
        "io_kbytes" : 24984895,
        "bw_bytes" : 213202660,
        "bw" : 208205,
        "iops" : 1453.671219,
        "runtime" : 120001,
        "total_ios" : 174442,
        "short_ios" : 0,
        "drop_ios" : 0,
        "slat_ns" : {
          "min" : 1172,
          "max" : 25481193,
          "mean" : 130014.025883,
          "stddev" : 347573.474153
        },
        "clat_ns" : {
          "min" : 814718,
          "max" : 761895368,
          "mean" : 21715998.282110,
          "stddev" : 35276200.325223,
          "percentile" : {
            "1.000000" : 12386304,
            "5.000000" : 13959168,
            "10.000000" : 14876672,
            "20.000000" : 16056320,
            "30.000000" : 16908288,
            "40.000000" : 17432576,
            "50.000000" : 18219008,
            "60.000000" : 19005440,
            "70.000000" : 19791872,
            "80.000000" : 20840448,
            "90.000000" : 22151168,
            "95.000000" : 23461888,
            "99.000000" : 132644864,
            "99.500000" : 214958080,
            "99.900000" : 574619648,
            "99.950000" : 616562688,
            "99.990000" : 683671552
          }
        },
        "lat_ns" : {
          "min" : 1047965,
          "max" : 762610769,
          "mean" : 21846161.008740,
          "stddev" : 35420797.299970
        },
        "bw_min" : 4112,
        "bw_max" : 289425,
        "bw_agg" : 99.911666,
        "bw_mean" : 208021.083682,
        "bw_dev" : 83322.555473,
        "bw_samples" : 239,
        "iops_min" : 36,
        "iops_max" : 2152,
        "iops_mean" : 1451.472803,
        "iops_stddev" : 588.737881,
        "iops_samples" : 239
      },
      "trim" : {
        "io_bytes" : 0,
        "io_kbytes" : 0,
        "bw_bytes" : 0,
        "bw" : 0,
        "iops" : 0.000000,
        "runtime" : 0,
        "total_ios" : 0,
        "short_ios" : 0,
        "drop_ios" : 0,
        "slat_ns" : {
          "min" : 0,
          "max" : 0,
          "mean" : 0.000000,
          "stddev" : 0.000000
        },
        "clat_ns" : {
          "min" : 0,
          "max" : 0,
          "mean" : 0.000000,
          "stddev" : 0.000000,
          "percentile" : {
            "1.000000" : 0,
            "5.000000" : 0,
            "10.000000" : 0,
            "20.000000" : 0,
            "30.000000" : 0,
            "40.000000" : 0,
            "50.000000" : 0,
            "60.000000" : 0,
            "70.000000" : 0,
            "80.000000" : 0,
            "90.000000" : 0,
            "95.000000" : 0,
            "99.000000" : 0,
            "99.500000" : 0,
            "99.900000" : 0,
            "99.950000" : 0,
            "99.990000" : 0
          }
        },
        "lat_ns" : {
          "min" : 0,
          "max" : 0,
          "mean" : 0.000000,
          "stddev" : 0.000000
        },
        "bw_min" : 0,
        "bw_max" : 0,
        "bw_agg" : 0.000000,
        "bw_mean" : 0.000000,
        "bw_dev" : 0.000000,
        "bw_samples" : 0,
        "iops_min" : 0,
        "iops_max" : 0,
        "iops_mean" : 0.000000,
        "iops_stddev" : 0.000000,
        "iops_samples" : 0
      },
      "sync" : {
        "lat_ns" : {
          "min" : 0,
          "max" : 0,
          "mean" : 0.000000,
          "stddev" : 0.000000,
          "percentile" : {
            "1.000000" : 0,
            "5.000000" : 0,
            "10.000000" : 0,
            "20.000000" : 0,
            "30.000000" : 0,
            "40.000000" : 0,
            "50.000000" : 0,
            "60.000000" : 0,
            "70.000000" : 0,
            "80.000000" : 0,
            "90.000000" : 0,
            "95.000000" : 0,
            "99.000000" : 0,
            "99.500000" : 0,
            "99.900000" : 0,
            "99.950000" : 0,
            "99.990000" : 0
          }
        },
        "total_ios" : 0
      },
      "job_runtime" : 120000,
      "usr_cpu" : 0.925000,
      "sys_cpu" : 16.777500,
      "ctx" : 376220,
      "majf" : 0,
      "minf" : 15,
      "iodepth_level" : {
        "1" : 0.000000,
        "2" : 0.000000,
        "4" : 0.000000,
        "8" : 0.000000,
        "16" : 0.000000,
        "32" : 0.000000,
        ">=64" : 100.000000
      },
      "iodepth_submit" : {
        "0" : 0.000000,
        "4" : 100.000000,
        "8" : 0.000000,
        "16" : 0.000000,
        "32" : 0.000000,
        "64" : 0.000000,
        ">=64" : 0.000000
      },
      "iodepth_complete" : {
        "0" : 0.000000,
        "4" : 99.999714,
        "8" : 0.000000,
        "16" : 0.000000,
        "32" : 0.000000,
        "64" : 0.100000,
        ">=64" : 0.000000
      },
      "latency_ns" : {
        "2" : 0.000000,
        "4" : 0.000000,
        "10" : 0.000000,
        "20" : 0.000000,
        "50" : 0.000000,
        "100" : 0.000000,
        "250" : 0.000000,
        "500" : 0.000000,
        "750" : 0.000000,
        "1000" : 0.000000
      },
      "latency_us" : {
        "2" : 0.010000,
        "4" : 0.000000,
        "10" : 0.000000,
        "20" : 0.000000,
        "50" : 0.000000,
        "100" : 0.000000,
        "250" : 0.000000,
        "500" : 0.000000,
        "750" : 0.010000,
        "1000" : 0.010000
      },
      "latency_ms" : {
        "2" : 0.010000,
        "4" : 0.010000,
        "10" : 0.024619,
        "20" : 72.405817,
        "50" : 26.108153,
        "100" : 0.190084,
        "250" : 0.809573,
        "500" : 0.259075,
        "750" : 0.211840,
        "1000" : 0.010000,