{
  "fio version" : "fio-3.16",
  "timestamp" : 1708255764,
  "timestamp_ms" : 1708255764526,
  "time" : "Sun Feb 18 11:29:24 2024",
  "global options" : {
    "ioengine" : "libaio",
    "allow_mounted_write" : "1",
    "filename" : "/mnt/nvme0n1/fio"
  },
  "jobs" : [
    {
      "jobname" : "Web_Server",
      "groupid" : 0,
      "error" : 0,
      "eta" : 0,
      "elapsed" : 301,
      "job options" : {
        "nice" : "-16",
        "runtime" : "120s",
        "ramp_time" : "180s",
        "direct" : "0",
        "rw" : "randrw",
        "percentage_random" : "99,99",
        "bsrange" : "512-512k,512-512k",
        "iodepth" : "64",
        "size" : "128G"
      },
      "read" : {
        "io_bytes" : 27105782784,
        "io_kbytes" : 26470491,
        "bw_bytes" : 225879640,
        "bw" : 220585,
        "iops" : 1525.545620,
        "runtime" : 120001,
        "total_ios" : 183067,
        "short_ios" : 0,
        "drop_ios" : 0,
        "slat_ns" : {
          "min" : 1032,
          "max" : 84644526,
          "mean" : 532852.030945,
          "stddev" : 852592.222175
        },
        "clat_ns" : {
          "min" : 1903,
          "max" : 718452664,
          "mean" : 20676882.962659,
          "stddev" : 20446884.172896,
          "percentile" : {
            "1.000000" : 12648448,
            "5.000000" : 14221312,
            "10.000000" : 15138816,
            "20.000000" : 16318464,
            "30.000000" : 17170432,
            "40.000000" : 17956864,
            "50.000000" : 18743296,
            "60.000000" : 19267584,
            "70.000000" : 20316160,
            "80.000000" : 21102592,
            "90.000000" : 22675456,
            "95.000000" : 23986176,
            "99.000000" : 119013376,
            "99.500000" : 141557760,
            "99.900000" : 240123904,
            "99.950000" : 505413632,
            "99.990000" : 666894336
          }
        },
        "lat_ns" : {
          "min" : 433663,
          "max" : 723230162,
          "mean" : 21209910.915852,
          "stddev" : 20940178.124533
        },
        "bw_min" : 4182,
        "bw_max" : 259909,
        "bw_agg" : 99.943752,
        "bw_mean" : 220460.924686,
        "bw_dev" : 64097.580738,
        "bw_samples" : 239,
        "iops_min" : 40,
        "iops_max" : 1992,
        "iops_mean" : 1523.857741,
        "iops_stddev" : 458.393492,
        "iops_samples" : 239
      },
      "write" : {
        "io_bytes" : 27134629888,
        "io_kbytes" : 26498662,
        "bw_bytes" : 226120031,
        "bw" : 220820,
        "iops" : 1522.320647,
        "runtime" : 120001,
        "total_ios" : 182680,
        "short_ios" : 0,
        "drop_ios" : 0,
        "slat_ns" : {
          "min" : 1182,
          "max" : 17200234,
          "mean" : 119936.248188,
          "stddev" : 192517.901163
        },
        "clat_ns" : {
          "min" : 2456075,
          "max" : 724417518,
          "mean" : 20660219.095536,
          "stddev" : 19933017.929731,
          "percentile" : {
            "1.000000" : 12648448,
            "5.000000" : 14352384,
            "10.000000" : 15138816,
            "20.000000" : 16318464,
            "30.000000" : 17170432,
            "40.000000" : 17956864,
            "50.000000" : 18743296,
            "60.000000" : 19529728,
            "70.000000" : 20316160,
            "80.000000" : 21364736,
            "90.000000" : 22675456,
            "95.000000" : 23986176,
            "99.000000" : 119013376,
            "99.500000" : 141557760,
            "99.900000" : 189792256,
            "99.950000" : 480247808,
            "99.990000" : 666894336
          }
        },
        "lat_ns" : {
          "min" : 2536165,
          "max" : 724973531,
          "mean" : 20780300.157419,
          "stddev" : 20016563.921917
        },
        "bw_min" : 2730,
        "bw_max" : 283573,
        "bw_agg" : 99.949803,
        "bw_mean" : 220709.154812,
        "bw_dev" : 65716.899558,
        "bw_samples" : 239,
        "iops_min" : 34,
        "iops_max" : 2096,
        "iops_mean" : 1520.598326,
        "iops_stddev" : 464.137492,
        "iops_samples" : 239
      },
      "trim" : {
        "io_bytes" : 0,
        "io_kbytes" : 0,
        "bw_bytes" : 0,
        "bw" : 0,
        "iops" : 0.000000,
        "runtime" : 0,
        "total_ios" : 0,
        "short_ios" : 0,
        "drop_ios" : 0,
        "slat_ns" : {
          "min" : 0,
          "max" : 0,
          "mean" : 0.000000,
          "stddev" : 0.000000
        },
        "clat_ns" : {
          "min" : 0,
          "max" : 0,
          "mean" : 0.000000,
          "stddev" : 0.000000,
          "percentile" : {
            "1.000000" : 0,
            "5.000000" : 0,
            "10.000000" : 0,
            "20.000000" : 0,
            "30.000000" : 0,
            "40.000000" : 0,
            "50.000000" : 0,
            "60.000000" : 0,
            "70.000000" : 0,
            "80.000000" : 0,
            "90.000000" : 0,
            "95.000000" : 0,
            "99.000000" : 0,
            "99.500000" : 0,
            "99.900000" : 0,
            "99.950000" : 0,
            "99.990000" : 0
          }
        },
        "lat_ns" : {
          "min" : 0,
          "max" : 0,
          "mean" : 0.000000,
          "stddev" : 0.000000
        },
        "bw_min" : 0,
        "bw_max" : 0,
        "bw_agg" : 0.000000,
        "bw_mean" : 0.000000,
        "bw_dev" : 0.000000,
        "bw_samples" : 0,
        "iops_min" : 0,
        "iops_max" : 0,
        "iops_mean" : 0.000000,
        "iops_stddev" : 0.000000,
        "iops_samples" : 0
      },
      "sync" : {
        "lat_ns" : {
          "min" : 0,
          "max" : 0,
          "mean" : 0.000000,
          "stddev" : 0.000000,
          "percentile" : {
            "1.000000" : 0,
            "5.000000" : 0,
            "10.000000" : 0,
            "20.000000" : 0,
            "30.000000" : 0,
            "40.000000" : 0,
            "50.000000" : 0,
            "60.000000" : 0,
            "70.000000" : 0,
            "80.000000" : 0,
            "90.000000" : 0,
            "95.000000" : 0,
            "99.000000" : 0,
            "99.500000" : 0,
            "99.900000" : 0,
            "99.950000" : 0,
            "99.990000" : 0
          }
        },
        "total_ios" : 0
      },
      "job_runtime" : 120000,
      "usr_cpu" : 0.945000,
      "sys_cpu" : 17.740000,
      "ctx" : 399466,
      "majf" : 0,
      "minf" : 15,
      "iodepth_level" : {
        "1" : 0.000000,
        "2" : 0.000000,
        "4" : 0.000000,
        "8" : 0.000000,
        "16" : 0.000000,
        "32" : 0.000000,
        ">=64" : 100.000000
      },
      "iodepth_submit" : {
        "0" : 0.000000,
        "4" : 100.000000,
        "8" : 0.000000,
        "16" : 0.000000,
        "32" : 0.000000,
        "64" : 0.000000,
        ">=64" : 0.000000
      },
      "iodepth_complete" : {
        "0" : 0.000000,
        "4" : 99.999727,
        "8" : 0.000000,
        "16" : 0.000000,
        "32" : 0.000000,
        "64" : 0.100000,
        ">=64" : 0.000000
      },
      "latency_ns" : {
        "2" : 0.000000,
        "4" : 0.000000,
        "10" : 0.000000,
        "20" : 0.000000,
        "50" : 0.000000,
        "100" : 0.000000,
        "250" : 0.000000,
        "500" : 0.000000,
        "750" : 0.000000,
        "1000" : 0.000000
      },
      "latency_us" : {
        "2" : 0.010000,
        "4" : 0.000000,
        "10" : 0.000000,
        "20" : 0.000000,
        "50" : 0.000000,
        "100" : 0.000000,
        "250" : 0.000000,
        "500" : 0.010000,
        "750" : 0.000000,
        "1000" : 0.000000
      },
      "latency_ms" : {
        "2" : 0.010000,
        "4" : 0.010000,
        "10" : 0.012850,
        "20" : 67.305542,
        "50" : 31.233339,
        "100" : 0.236776,
        "250" : 1.132750,
        "500" : 0.045933,
        "750" : 0.046754,
        "1000" : 0.000000,