{
  "fio version" : "fio-3.16",
  "timestamp" : 1708256065,
  "timestamp_ms" : 1708256065129,
  "time" : "Sun Feb 18 11:34:25 2024",
  "global options" : {
    "ioengine" : "libaio",
    "allow_mounted_write" : "1",
    "filename" : "/mnt/nvme0n1/fio"
  },
  "jobs" : [
    {
      "jobname" : "Web_Server",
      "groupid" : 0,
      "error" : 0,
      "eta" : 0,
      "elapsed" : 301,
      "job options" : {
        "nice" : "-16",
        "runtime" : "120s",
        "ramp_time" : "180s",
        "direct" : "0",
        "rw" : "randrw",
        "percentage_random" : "99,99",
        "bsrange" : "512-512k,512-512k",
        "iodepth" : "64",
        "size" : "128G"
      },
      "read" : {
        "io_bytes" : 27662868992,
        "io_kbytes" : 27014520,
        "bw_bytes" : 230521987,
        "bw" : 225119,
        "iops" : 1553.170390,
        "runtime" : 120001,
        "total_ios" : 186382,
        "short_ios" : 0,
        "drop_ios" : 0,
        "slat_ns" : {
          "min" : 1022,
          "max" : 15029703,
          "mean" : 529667.747456,
          "stddev" : 578269.512848
        },
        "clat_ns" : {
          "min" : 171742,
          "max" : 189241839,
          "mean" : 20303643.707058,
          "stddev" : 13537878.450430,
          "percentile" : {
            "1.000000" : 12648448,
            "5.000000" : 14221312,
            "10.000000" : 15007744,
            "20.000000" : 16187392,
            "30.000000" : 17170432,
            "40.000000" : 17956864,
            "50.000000" : 18481152,
            "60.000000" : 19267584,
            "70.000000" : 20316160,
            "80.000000" : 21364736,
            "90.000000" : 22937600,
            "95.000000" : 24248320,
            "99.000000" : 114819072,
            "99.500000" : 137363456,
            "99.900000" : 162529280,
            "99.950000" : 168820736,
            "99.990000" : 181403648
          }
        },
        "lat_ns" : {
          "min" : 368461,
          "max" : 192366058,
          "mean" : 20833515.534017,
          "stddev" : 13878093.581907
        },
        "bw_min" : 31807,
        "bw_max" : 257996,
        "bw_agg" : 99.944623,
        "bw_mean" : 224994.334728,
        "bw_dev" : 57362.592336,
        "bw_samples" : 239,
        "iops_min" : 192,
        "iops_max" : 1994,
        "iops_mean" : 1551.531381,
        "iops_stddev" : 417.109569,
        "iops_samples" : 239
      },
      "write" : {
        "io_bytes" : 27693647360,
        "io_kbytes" : 27044577,
        "bw_bytes" : 230778471,
        "bw" : 225369,
        "iops" : 1550.612078,
        "runtime" : 120001,
        "total_ios" : 186075,
        "short_ios" : 0,
        "drop_ios" : 0,
        "slat_ns" : {
          "min" : 1103,
          "max" : 5487981,
          "mean" : 111388.390246,
          "stddev" : 139235.048899
        },
        "clat_ns" : {
          "min" : 1653,
          "max" : 189222823,
          "mean" : 20289641.583825,
          "stddev" : 13383175.530087,
          "percentile" : {
            "1.000000" : 12648448,
            "5.000000" : 14221312,
            "10.000000" : 15138816,
            "20.000000" : 16187392,
            "30.000000" : 17170432,
            "40.000000" : 17956864,
            "50.000000" : 18743296,
            "60.000000" : 19529728,
            "70.000000" : 20316160,
            "80.000000" : 21364736,
            "90.000000" : 22937600,
            "95.000000" : 24248320,
            "99.000000" : 112721920,
            "99.500000" : 135266304,
            "99.900000" : 162529280,
            "99.950000" : 170917888,
            "99.990000" : 181403648
          }
        },
        "lat_ns" : {
          "min" : 170299,
          "max" : 189285421,
          "mean" : 20401180.863992,
          "stddev" : 13447642.438892
        },
        "bw_min" : 25700,
        "bw_max" : 276251,
        "bw_agg" : 99.966823,
        "bw_mean" : 225294.230126,
        "bw_dev" : 58565.327009,
        "bw_samples" : 239,
        "iops_min" : 182,
        "iops_max" : 2072,
        "iops_mean" : 1549.079498,
        "iops_stddev" : 416.145072,
        "iops_samples" : 239
      },
      "trim" : {
        "io_bytes" : 0,
        "io_kbytes" : 0,
        "bw_bytes" : 0,
        "bw" : 0,
        "iops" : 0.000000,
        "runtime" : 0,
        "total_ios" : 0,
        "short_ios" : 0,
        "drop_ios" : 0,
        "slat_ns" : {
          "min" : 0,
          "max" : 0,
          "mean" : 0.000000,
          "stddev" : 0.000000
        },
        "clat_ns" : {
          "min" : 0,
          "max" : 0,
          "mean" : 0.000000,
          "stddev" : 0.000000,
          "percentile" : {
            "1.000000" : 0,
            "5.000000" : 0,
            "10.000000" : 0,
            "20.000000" : 0,
            "30.000000" : 0,
            "40.000000" : 0,
            "50.000000" : 0,
            "60.000000" : 0,
            "70.000000" : 0,
            "80.000000" : 0,
            "90.000000" : 0,
            "95.000000" : 0,
            "99.000000" : 0,
            "99.500000" : 0,
            "99.900000" : 0,
            "99.950000" : 0,
            "99.990000" : 0
          }
        },
        "lat_ns" : {
          "min" : 0,
          "max" : 0,
          "mean" : 0.000000,
          "stddev" : 0.000000
        },
        "bw_min" : 0,
        "bw_max" : 0,
        "bw_agg" : 0.000000,
        "bw_mean" : 0.000000,
        "bw_dev" : 0.000000,
        "bw_samples" : 0,
        "iops_min" : 0,
        "iops_max" : 0,
        "iops_mean" : 0.000000,
        "iops_stddev" : 0.000000,
        "iops_samples" : 0
      },
      "sync" : {
        "lat_ns" : {
          "min" : 0,
          "max" : 0,
          "mean" : 0.000000,
          "stddev" : 0.000000,
          "percentile" : {
            "1.000000" : 0,
            "5.000000" : 0,
            "10.000000" : 0,
            "20.000000" : 0,
            "30.000000" : 0,
            "40.000000" : 0,
            "50.000000" : 0,
            "60.000000" : 0,
            "70.000000" : 0,
            "80.000000" : 0,
            "90.000000" : 0,
            "95.000000" : 0,
            "99.000000" : 0,
            "99.500000" : 0,
            "99.900000" : 0,
            "99.950000" : 0,
            "99.990000" : 0
          }
        },
        "total_ios" : 0
      },
      "job_runtime" : 120000,
      "usr_cpu" : 0.959167,
      "sys_cpu" : 18.133333,
      "ctx" : 407909,
      "majf" : 0,
      "minf" : 15,
      "iodepth_level" : {
        "1" : 0.000000,
        "2" : 0.000000,
        "4" : 0.000000,
        "8" : 0.000000,
        "16" : 0.000000,
        "32" : 0.000000,
        ">=64" : 100.000000
      },
      "iodepth_submit" : {
        "0" : 0.000000,
        "4" : 100.000000,
        "8" : 0.000000,
        "16" : 0.000000,
        "32" : 0.000000,
        "64" : 0.000000,
        ">=64" : 0.000000
      },
      "iodepth_complete" : {
        "0" : 0.000000,
        "4" : 99.999732,
        "8" : 0.000000,
        "16" : 0.000000,
        "32" : 0.000000,
        "64" : 0.100000,
        ">=64" : 0.000000
      },
      "latency_ns" : {
        "2" : 0.000000,
        "4" : 0.000000,
        "10" : 0.000000,
        "20" : 0.000000,
        "50" : 0.000000,
        "100" : 0.000000,
        "250" : 0.000000,
        "500" : 0.000000,
        "750" : 0.000000,
        "1000" : 0.000000
      },
      "latency_us" : {
        "2" : 0.010000,
        "4" : 0.000000,
        "10" : 0.000000,
        "20" : 0.000000,
        "50" : 0.000000,
        "100" : 0.000000,
        "250" : 0.010000,
        "500" : 0.010000,
        "750" : 0.000000,
        "1000" : 0.000000
      },
      "latency_ms" : {
        "2" : 0.010000,
        "4" : 0.010000,
        "10" : 0.015304,
        "20" : 67.090429,
        "50" : 31.396913,
        "100" : 0.313325,
        "250" : 1.196380,
        "500" : 0.000000,
        "750" : 0.000000,
        "1000" : 0.000000,