{
  "fio version" : "fio-3.16",
  "timestamp" : 1708256365,
  "timestamp_ms" : 1708256365740,
  "time" : "Sun Feb 18 11:39:25 2024",
  "global options" : {
    "ioengine" : "libaio",
    "allow_mounted_write" : "1",
    "filename" : "/mnt/nvme0n1/fio"
  },
  "jobs" : [
    {
      "jobname" : "Web_Server",
      "groupid" : 0,
      "error" : 0,
      "eta" : 0,
      "elapsed" : 301,
      "job options" : {
        "nice" : "-16",
        "runtime" : "120s",
        "ramp_time" : "180s",
        "direct" : "0",
        "rw" : "randrw",
        "percentage_random" : "99,99",
        "bsrange" : "512-512k,512-512k",
        "iodepth" : "64",
        "size" : "128G"
      },
      "read" : {
        "io_bytes" : 27736473088,
        "io_kbytes" : 27086399,
        "bw_bytes" : 231135349,
        "bw" : 225718,
        "iops" : 1551.878734,
        "runtime" : 120001,
        "total_ios" : 186227,
        "short_ios" : 0,
        "drop_ios" : 0,
        "slat_ns" : {
          "min" : 972,
          "max" : 14160524,
          "mean" : 531692.328275,
          "stddev" : 560549.185458
        },
        "clat_ns" : {
          "min" : 1643,
          "max" : 198965874,
          "mean" : 20245644.956834,
          "stddev" : 12752829.598097,
          "percentile" : {
            "1.000000" : 12648448,
            "5.000000" : 14221312,
            "10.000000" : 15138816,
            "20.000000" : 16187392,
            "30.000000" : 17170432,
            "40.000000" : 17956864,
            "50.000000" : 18743296,
            "60.000000" : 19529728,
            "70.000000" : 20316160,
            "80.000000" : 21364736,
            "90.000000" : 22937600,
            "95.000000" : 24510464,
            "99.000000" : 109576192,
            "99.500000" : 131596288,
            "99.900000" : 156237824,
            "99.950000" : 166723584,
            "99.990000" : 191889408
          }
        },
        "lat_ns" : {
          "min" : 1101976,
          "max" : 203428042,
          "mean" : 20777536.653064,
          "stddev" : 13073778.559307
        },
        "bw_min" : 29003,
        "bw_max" : 256856,
        "bw_agg" : 99.980824,
        "bw_mean" : 225674.716667,
        "bw_dev" : 56325.303538,
        "bw_samples" : 240,
        "iops_min" : 202,
        "iops_max" : 1984,
        "iops_mean" : 1551.800000,
        "iops_stddev" : 411.382354,
        "iops_samples" : 240
      },
      "write" : {
        "io_bytes" : 27792462336,
        "io_kbytes" : 27141076,
        "bw_bytes" : 231601922,
        "bw" : 226173,
        "iops" : 1550.362080,
        "runtime" : 120001,
        "total_ios" : 186045,
        "short_ios" : 0,
        "drop_ios" : 0,
        "slat_ns" : {
          "min" : 1313,
          "max" : 5678228,
          "mean" : 109771.136101,
          "stddev" : 150653.699202
        },
        "clat_ns" : {
          "min" : 1287544,
          "max" : 199619950,
          "mean" : 20368251.655469,
          "stddev" : 13151638.427821,
          "percentile" : {
            "1.000000" : 12648448,
            "5.000000" : 14221312,
            "10.000000" : 15138816,
            "20.000000" : 16318464,
            "30.000000" : 17170432,
            "40.000000" : 17956864,
            "50.000000" : 18743296,
            "60.000000" : 19529728,
            "70.000000" : 20578304,
            "80.000000" : 21626880,
            "90.000000" : 23199744,
            "95.000000" : 24772608,
            "99.000000" : 112721920,
            "99.500000" : 133693440,
            "99.900000" : 158334976,
            "99.950000" : 166723584,
            "99.990000" : 189792256
          }
        },
        "lat_ns" : {
          "min" : 1328912,
          "max" : 200373032,
          "mean" : 20478175.803446,
          "stddev" : 13225331.524296
        },
        "bw_min" : 28425,
        "bw_max" : 284251,
        "bw_agg" : 99.975284,
        "bw_mean" : 226117.100000,
        "bw_dev" : 56574.885259,
        "bw_samples" : 240,
        "iops_min" : 194,
        "iops_max" : 2136,
        "iops_mean" : 1550.233333,
        "iops_stddev" : 407.686661,
        "iops_samples" : 240
      },
      "trim" : {
        "io_bytes" : 0,
        "io_kbytes" : 0,
        "bw_bytes" : 0,
        "bw" : 0,
        "iops" : 0.000000,
        "runtime" : 0,
        "total_ios" : 0,
        "short_ios" : 0,
        "drop_ios" : 0,
        "slat_ns" : {
          "min" : 0,
          "max" : 0,
          "mean" : 0.000000,
          "stddev" : 0.000000
        },
        "clat_ns" : {
          "min" : 0,
          "max" : 0,
          "mean" : 0.000000,
          "stddev" : 0.000000,
          "percentile" : {
            "1.000000" : 0,
            "5.000000" : 0,
            "10.000000" : 0,
            "20.000000" : 0,
            "30.000000" : 0,
            "40.000000" : 0,
            "50.000000" : 0,
            "60.000000" : 0,
            "70.000000" : 0,
            "80.000000" : 0,
            "90.000000" : 0,
            "95.000000" : 0,
            "99.000000" : 0,
            "99.500000" : 0,
            "99.900000" : 0,
            "99.950000" : 0,
            "99.990000" : 0
          }
        },
        "lat_ns" : {
          "min" : 0,
          "max" : 0,
          "mean" : 0.000000,
          "stddev" : 0.000000
        },
        "bw_min" : 0,
        "bw_max" : 0,
        "bw_agg" : 0.000000,
        "bw_mean" : 0.000000,
        "bw_dev" : 0.000000,
        "bw_samples" : 0,
        "iops_min" : 0,
        "iops_max" : 0,
        "iops_mean" : 0.000000,
        "iops_stddev" : 0.000000,
        "iops_samples" : 0
      },
      "sync" : {
        "lat_ns" : {
          "min" : 0,
          "max" : 0,
          "mean" : 0.000000,
          "stddev" : 0.000000,
          "percentile" : {
            "1.000000" : 0,
            "5.000000" : 0,
            "10.000000" : 0,
            "20.000000" : 0,
            "30.000000" : 0,
            "40.000000" : 0,
            "50.000000" : 0,
            "60.000000" : 0,
            "70.000000" : 0,
            "80.000000" : 0,
            "90.000000" : 0,
            "95.000000" : 0,
            "99.000000" : 0,
            "99.500000" : 0,
            "99.900000" : 0,
            "99.950000" : 0,
            "99.990000" : 0
          }
        },
        "total_ios" : 0
      },
      "job_runtime" : 120000,
      "usr_cpu" : 0.927500,
      "sys_cpu" : 18.290833,
      "ctx" : 409425,
      "majf" : 0,
      "minf" : 15,
      "iodepth_level" : {
        "1" : 0.000000,
        "2" : 0.000000,
        "4" : 0.000000,
        "8" : 0.000000,
        "16" : 0.000000,
        "32" : 0.000000,
        ">=64" : 100.000000
      },
      "iodepth_submit" : {
        "0" : 0.000000,
        "4" : 100.000000,
        "8" : 0.000000,
        "16" : 0.000000,
        "32" : 0.000000,
        "64" : 0.000000,
        ">=64" : 0.000000
      },
      "iodepth_complete" : {
        "0" : 0.000000,
        "4" : 99.999731,
        "8" : 0.000000,
        "16" : 0.000000,
        "32" : 0.000000,
        "64" : 0.100000,
        ">=64" : 0.000000
      },
      "latency_ns" : {
        "2" : 0.000000,
        "4" : 0.000000,
        "10" : 0.000000,
        "20" : 0.000000,
        "50" : 0.000000,
        "100" : 0.000000,
        "250" : 0.000000,
        "500" : 0.000000,
        "750" : 0.000000,
        "1000" : 0.000000
      },
      "latency_us" : {
        "2" : 0.010000,
        "4" : 0.000000,
        "10" : 0.000000,
        "20" : 0.000000,
        "50" : 0.000000,
        "100" : 0.000000,
        "250" : 0.000000,
        "500" : 0.000000,
        "750" : 0.000000,
        "1000" : 0.000000
      },
      "latency_ms" : {
        "2" : 0.010000,
        "4" : 0.010000,
        "10" : 0.020684,
        "20" : 65.368333,
        "50" : 33.218722,
        "100" : 0.247668,
        "250" : 1.157218,
        "500" : 0.000000,
        "750" : 0.000000,
        "1000" : 0.000000,