{
  "fio version" : "fio-3.16",
  "timestamp" : 1708256666,
  "timestamp_ms" : 1708256666328,
  "time" : "Sun Feb 18 11:44:26 2024",
  "global options" : {
    "ioengine" : "libaio",
    "allow_mounted_write" : "1",
    "filename" : "/mnt/nvme0n1/fio"
  },
  "jobs" : [
    {
      "jobname" : "Web_Server",
      "groupid" : 0,
      "error" : 0,
      "eta" : 0,
      "elapsed" : 301,
      "job options" : {
        "nice" : "-16",
        "runtime" : "120s",
        "ramp_time" : "180s",
        "direct" : "0",
        "rw" : "randrw",
        "percentage_random" : "99,99",
        "bsrange" : "512-512k,512-512k",
        "iodepth" : "64",
        "size" : "128G"
      },
      "read" : {
        "io_bytes" : 27897271296,
        "io_kbytes" : 27243429,
        "bw_bytes" : 232475323,
        "bw" : 227026,
        "iops" : 1558.803677,
        "runtime" : 120001,
        "total_ios" : 187058,
        "short_ios" : 0,
        "drop_ios" : 0,
        "slat_ns" : {
          "min" : 1041,
          "max" : 77772881,
          "mean" : 506827.131734,
          "stddev" : 1584696.898815
        },
        "clat_ns" : {
          "min" : 1664,
          "max" : 793892449,
          "mean" : 20120658.989498,
          "stddev" : 41553751.666078,
          "percentile" : {
            "1.000000" : 10682368,
            "5.000000" : 11993088,
            "10.000000" : 12779520,
            "20.000000" : 13828096,
            "30.000000" : 14614528,
            "40.000000" : 15269888,
            "50.000000" : 15925248,
            "60.000000" : 16711680,
            "70.000000" : 17432576,
            "80.000000" : 18481152,
            "90.000000" : 20054016,
            "95.000000" : 21364736,
            "99.000000" : 137363456,
            "99.500000" : 413138944,
            "99.900000" : 633339904,
            "99.950000" : 666894336,
            "99.990000" : 742391808
          }
        },
        "lat_ns" : {
          "min" : 288131,
          "max" : 808271202,
          "mean" : 20627712.158610,
          "stddev" : 42624659.860633
        },
        "bw_min" : 5188,
        "bw_max" : 305962,
        "bw_agg" : 99.902135,
        "bw_mean" : 226803.820084,
        "bw_dev" : 108923.331417,
        "bw_samples" : 239,
        "iops_min" : 40,
        "iops_max" : 2342,
        "iops_mean" : 1556.476987,
        "iops_stddev" : 760.755926,
        "iops_samples" : 239
      },
      "write" : {
        "io_bytes" : 27982518784,
        "io_kbytes" : 27326678,
        "bw_bytes" : 233185713,
        "bw" : 227720,
        "iops" : 1557.553687,
        "runtime" : 120001,
        "total_ios" : 186908,
        "short_ios" : 0,
        "drop_ios" : 0,
        "slat_ns" : {
          "min" : 1172,
          "max" : 23115346,
          "mean" : 131763.372092,
          "stddev" : 429650.362128
        },
        "clat_ns" : {
          "min" : 3145379,
          "max" : 806394272,
          "mean" : 20309668.726714,
          "stddev" : 42837302.547214,
          "percentile" : {
            "1.000000" : 10682368,
            "5.000000" : 11993088,
            "10.000000" : 12779520,
            "20.000000" : 13828096,
            "30.000000" : 14614528,
            "40.000000" : 15269888,
            "50.000000" : 15925248,
            "60.000000" : 16711680,
            "70.000000" : 17432576,
            "80.000000" : 18481152,
            "90.000000" : 20054016,
            "95.000000" : 21364736,
            "99.000000" : 139460608,
            "99.500000" : 425721856,
            "99.900000" : 650117120,
            "99.950000" : 683671552,
            "99.990000" : 750780416
          }
        },
        "lat_ns" : {
          "min" : 3181076,
          "max" : 806622470,
          "mean" : 20441580.028840,
          "stddev" : 43036932.126912
        },
        "bw_min" : 4517,
        "bw_max" : 328588,
        "bw_agg" : 99.920967,
        "bw_mean" : 227540.025105,
        "bw_dev" : 109662.031262,
        "bw_samples" : 239,
        "iops_min" : 36,
        "iops_max" : 2346,
        "iops_mean" : 1555.167364,
        "iops_stddev" : 758.952117,
        "iops_samples" : 239
      },
      "trim" : {
        "io_bytes" : 0,
        "io_kbytes" : 0,
        "bw_bytes" : 0,
        "bw" : 0,
        "iops" : 0.000000,
        "runtime" : 0,
        "total_ios" : 0,
        "short_ios" : 0,
        "drop_ios" : 0,
        "slat_ns" : {
          "min" : 0,
          "max" : 0,
          "mean" : 0.000000,
          "stddev" : 0.000000
        },
        "clat_ns" : {
          "min" : 0,
          "max" : 0,
          "mean" : 0.000000,
          "stddev" : 0.000000,
          "percentile" : {
            "1.000000" : 0,
            "5.000000" : 0,
            "10.000000" : 0,
            "20.000000" : 0,
            "30.000000" : 0,
            "40.000000" : 0,
            "50.000000" : 0,
            "60.000000" : 0,
            "70.000000" : 0,
            "80.000000" : 0,
            "90.000000" : 0,
            "95.000000" : 0,
            "99.000000" : 0,
            "99.500000" : 0,
            "99.900000" : 0,
            "99.950000" : 0,
            "99.990000" : 0
          }
        },
        "lat_ns" : {
          "min" : 0,
          "max" : 0,
          "mean" : 0.000000,
          "stddev" : 0.000000
        },
        "bw_min" : 0,
        "bw_max" : 0,
        "bw_agg" : 0.000000,
        "bw_mean" : 0.000000,
        "bw_dev" : 0.000000,
        "bw_samples" : 0,
        "iops_min" : 0,
        "iops_max" : 0,
        "iops_mean" : 0.000000,
        "iops_stddev" : 0.000000,
        "iops_samples" : 0
      },
      "sync" : {
        "lat_ns" : {
          "min" : 0,
          "max" : 0,
          "mean" : 0.000000,
          "stddev" : 0.000000,
          "percentile" : {
            "1.000000" : 0,
            "5.000000" : 0,
            "10.000000" : 0,
            "20.000000" : 0,
            "30.000000" : 0,
            "40.000000" : 0,
            "50.000000" : 0,
            "60.000000" : 0,
            "70.000000" : 0,
            "80.000000" : 0,
            "90.000000" : 0,
            "95.000000" : 0,
            "99.000000" : 0,
            "99.500000" : 0,
            "99.900000" : 0,
            "99.950000" : 0,
            "99.990000" : 0
          }
        },
        "total_ios" : 0
      },
      "job_runtime" : 120000,
      "usr_cpu" : 1.030000,
      "sys_cpu" : 18.415833,
      "ctx" : 412855,
      "majf" : 0,
      "minf" : 15,
      "iodepth_level" : {
        "1" : 0.000000,
        "2" : 0.000000,
        "4" : 0.000000,
        "8" : 0.000000,
        "16" : 0.000000,
        "32" : 0.000000,
        ">=64" : 100.000000
      },
      "iodepth_submit" : {
        "0" : 0.000000,
        "4" : 100.000000,
        "8" : 0.000000,
        "16" : 0.000000,
        "32" : 0.000000,
        "64" : 0.000000,
        ">=64" : 0.000000
      },
      "iodepth_complete" : {
        "0" : 0.000000,
        "4" : 99.999733,
        "8" : 0.000000,
        "16" : 0.000000,
        "32" : 0.000000,
        "64" : 0.100000,
        ">=64" : 0.000000
      },
      "latency_ns" : {
        "2" : 0.000000,
        "4" : 0.000000,
        "10" : 0.000000,
        "20" : 0.000000,
        "50" : 0.000000,
        "100" : 0.000000,
        "250" : 0.000000,
        "500" : 0.000000,
        "750" : 0.000000,
        "1000" : 0.000000
      },
      "latency_us" : {
        "2" : 0.010000,
        "4" : 0.000000,
        "10" : 0.000000,
        "20" : 0.000000,
        "50" : 0.000000,
        "100" : 0.000000,
        "250" : 0.000000,
        "500" : 0.010000,
        "750" : 0.000000,
        "1000" : 0.000000
      },
      "latency_ms" : {
        "2" : 0.010000,
        "4" : 0.010000,
        "10" : 0.321152,
        "20" : 89.949888,
        "50" : 8.404775,
        "100" : 0.101346,
        "250" : 0.540423,
        "500" : 0.388003,
        "750" : 0.300295,
        "1000" : 0.010000,