{
  "fio version" : "fio-3.16",
  "timestamp" : 1708256966,
  "timestamp_ms" : 1708256966931,
  "time" : "Sun Feb 18 11:49:26 2024",
  "global options" : {
    "ioengine" : "libaio",
    "allow_mounted_write" : "1",
    "filename" : "/mnt/nvme0n1/fio"
  },
  "jobs" : [
    {
      "jobname" : "Web_Server",
      "groupid" : 0,
      "error" : 0,
      "eta" : 0,
      "elapsed" : 301,
      "job options" : {
        "nice" : "-16",
        "runtime" : "120s",
        "ramp_time" : "180s",
        "direct" : "0",
        "rw" : "randrw",
        "percentage_random" : "99,99",
        "bsrange" : "512-512k,512-512k",
        "iodepth" : "64",
        "size" : "128G"
      },
      "read" : {
        "io_bytes" : 26144188928,
        "io_kbytes" : 25531434,
        "bw_bytes" : 217860979,
        "bw" : 212754,
        "iops" : 1430.318989,
        "runtime" : 120004,
        "total_ios" : 171644,
        "short_ios" : 0,
        "drop_ios" : 0,
        "slat_ns" : {
          "min" : 1062,
          "max" : 72622432,
          "mean" : 566174.126080,
          "stddev" : 1180445.187484
        },
        "clat_ns" : {
          "min" : 1914,
          "max" : 732999782,
          "mean" : 22002947.043280,
          "stddev" : 27767738.047914,
          "percentile" : {
            "1.000000" : 13172736,
            "5.000000" : 14745600,
            "10.000000" : 15663104,
            "20.000000" : 16908288,
            "30.000000" : 17694720,
            "40.000000" : 18481152,
            "50.000000" : 19005440,
            "60.000000" : 19791872,
            "70.000000" : 20578304,
            "80.000000" : 21626880,
            "90.000000" : 23199744,
            "95.000000" : 24772608,
            "99.000000" : 126353408,
            "99.500000" : 158334976,
            "99.900000" : 497025024,
            "99.950000" : 566231040,
            "99.990000" : 650117120
          }
        },
        "lat_ns" : {
          "min" : 8084290,
          "max" : 742164288,
          "mean" : 22569307.524887,
          "stddev" : 28467539.859145
        },
        "bw_min" : 5907,
        "bw_max" : 280989,
        "bw_agg" : 99.985392,
        "bw_mean" : 212722.920833,
        "bw_dev" : 76531.220113,
        "bw_samples" : 240,
        "iops_min" : 44,
        "iops_max" : 1902,
        "iops_mean" : 1430.229167,
        "iops_stddev" : 518.683506,
        "iops_samples" : 240
      },
      "write" : {
        "io_bytes" : 26156495872,
        "io_kbytes" : 25543453,
        "bw_bytes" : 217963533,
        "bw" : 212855,
        "iops" : 1428.094064,
        "runtime" : 120004,
        "total_ios" : 171377,
        "short_ios" : 0,
        "drop_ios" : 0,
        "slat_ns" : {
          "min" : 1142,
          "max" : 44643266,
          "mean" : 130182.287005,
          "stddev" : 297039.791566
        },
        "clat_ns" : {
          "min" : 8085522,
          "max" : 740525014,
          "mean" : 22073715.096118,
          "stddev" : 28522843.175090,
          "percentile" : {
            "1.000000" : 13303808,
            "5.000000" : 14745600,
            "10.000000" : 15663104,
            "20.000000" : 16908288,
            "30.000000" : 17694720,
            "40.000000" : 18481152,
            "50.000000" : 19005440,
            "60.000000" : 19791872,
            "70.000000" : 20578304,
            "80.000000" : 21626880,
            "90.000000" : 23199744,
            "95.000000" : 24772608,
            "99.000000" : 128450560,
            "99.500000" : 160432128,
            "99.900000" : 505413632,
            "99.950000" : 574619648,
            "99.990000" : 658505728
          }
        },
        "lat_ns" : {
          "min" : 8103546,
          "max" : 740546073,
          "mean" : 22204056.635599,
          "stddev" : 28637632.985344
        },
        "bw_min" : 4645,
        "bw_max" : 290300,
        "bw_agg" : 99.979681,
        "bw_mean" : 212811.750000,
        "bw_dev" : 77540.881501,
        "bw_samples" : 240,
        "iops_min" : 33,
        "iops_max" : 1938,
        "iops_mean" : 1428.004167,
        "iops_stddev" : 520.218071,
        "iops_samples" : 240
      },
      "trim" : {
        "io_bytes" : 0,
        "io_kbytes" : 0,
        "bw_bytes" : 0,
        "bw" : 0,
        "iops" : 0.000000,
        "runtime" : 0,
        "total_ios" : 0,
        "short_ios" : 0,
        "drop_ios" : 0,
        "slat_ns" : {
          "min" : 0,
          "max" : 0,
          "mean" : 0.000000,
          "stddev" : 0.000000
        },
        "clat_ns" : {
          "min" : 0,
          "max" : 0,
          "mean" : 0.000000,
          "stddev" : 0.000000,
          "percentile" : {
            "1.000000" : 0,
            "5.000000" : 0,
            "10.000000" : 0,
            "20.000000" : 0,
            "30.000000" : 0,
            "40.000000" : 0,
            "50.000000" : 0,
            "60.000000" : 0,
            "70.000000" : 0,
            "80.000000" : 0,
            "90.000000" : 0,
            "95.000000" : 0,
            "99.000000" : 0,
            "99.500000" : 0,
            "99.900000" : 0,
            "99.950000" : 0,
            "99.990000" : 0
          }
        },
        "lat_ns" : {
          "min" : 0,
          "max" : 0,
          "mean" : 0.000000,
          "stddev" : 0.000000
        },
        "bw_min" : 0,
        "bw_max" : 0,
        "bw_agg" : 0.000000,
        "bw_mean" : 0.000000,
        "bw_dev" : 0.000000,
        "bw_samples" : 0,
        "iops_min" : 0,
        "iops_max" : 0,
        "iops_mean" : 0.000000,
        "iops_stddev" : 0.000000,
        "iops_samples" : 0
      },
      "sync" : {
        "lat_ns" : {
          "min" : 0,
          "max" : 0,
          "mean" : 0.000000,
          "stddev" : 0.000000,
          "percentile" : {
            "1.000000" : 0,
            "5.000000" : 0,
            "10.000000" : 0,
            "20.000000" : 0,
            "30.000000" : 0,
            "40.000000" : 0,
            "50.000000" : 0,
            "60.000000" : 0,
            "70.000000" : 0,
            "80.000000" : 0,
            "90.000000" : 0,
            "95.000000" : 0,
            "99.000000" : 0,
            "99.500000" : 0,
            "99.900000" : 0,
            "99.950000" : 0,
            "99.990000" : 0
          }
        },
        "total_ios" : 0
      },
      "job_runtime" : 120003,
      "usr_cpu" : 0.911644,
      "sys_cpu" : 17.158738,
      "ctx" : 387125,
      "majf" : 0,
      "minf" : 15,
      "iodepth_level" : {
        "1" : 0.000000,
        "2" : 0.000000,
        "4" : 0.000000,
        "8" : 0.000000,
        "16" : 0.000000,
        "32" : 0.000000,
        ">=64" : 100.000000
      },
      "iodepth_submit" : {
        "0" : 0.000000,
        "4" : 100.000000,
        "8" : 0.000000,
        "16" : 0.000000,
        "32" : 0.000000,
        "64" : 0.000000,
        ">=64" : 0.000000
      },
      "iodepth_complete" : {
        "0" : 0.000000,
        "4" : 99.999708,
        "8" : 0.000000,
        "16" : 0.000000,
        "32" : 0.000000,
        "64" : 0.100000,
        ">=64" : 0.000000
      },
      "latency_ns" : {
        "2" : 0.000000,
        "4" : 0.000000,
        "10" : 0.000000,
        "20" : 0.000000,
        "50" : 0.000000,
        "100" : 0.000000,
        "250" : 0.000000,
        "500" : 0.000000,
        "750" : 0.000000,
        "1000" : 0.000000
      },
      "latency_us" : {
        "2" : 0.010000,
        "4" : 0.000000,
        "10" : 0.000000,
        "20" : 0.000000,
        "50" : 0.000000,
        "100" : 0.000000,
        "250" : 0.000000,
        "500" : 0.000000,
        "750" : 0.000000,
        "1000" : 0.000000
      },
      "latency_ms" : {
        "2" : 0.000000,
        "4" : 0.000000,
        "10" : 0.010000,
        "20" : 62.233799,
        "50" : 35.934243,
        "100" : 0.603462,
        "250" : 0.892074,
        "500" : 0.252754,
        "750" : 0.097953,
        "1000" : 0.000000,