{
  "fio version" : "fio-3.16",
  "timestamp" : 1708334975,
  "timestamp_ms" : 1708334975989,
  "time" : "Mon Feb 19 09:29:35 2024",
  "global options" : {
    "ioengine" : "libaio",
    "allow_mounted_write" : "1",
    "filename" : "/mnt/nvme0n1/fio"
  },
  "jobs" : [
    {
      "jobname" : "Web_Server",
      "groupid" : 0,
      "error" : 0,
      "eta" : 0,
      "elapsed" : 301,
      "job options" : {
        "nice" : "-16",
        "runtime" : "120s",
        "ramp_time" : "180s",
        "direct" : "1",
        "rw" : "randrw",
        "percentage_random" : "99,99",
        "bsrange" : "512-512k,512-512k",
        "iodepth" : "64",
        "size" : "128G"
      },
      "read" : {
        "io_bytes" : 32323948544,
        "io_kbytes" : 31566356,
        "bw_bytes" : 269363993,
        "bw" : 263050,
        "iops" : 1365.471954,
        "runtime" : 120001,
        "total_ios" : 163858,
        "short_ios" : 0,
        "drop_ios" : 0,
        "slat_ns" : {
          "min" : 2314,
          "max" : 61635,
          "mean" : 12322.927346,
          "stddev" : 7696.752360
        },
        "clat_ns" : {
          "min" : 1252218,
          "max" : 92553849,
          "mean" : 23402559.447583,
          "stddev" : 3736261.554472,
          "percentile" : {
            "1.000000" : 16056320,
            "5.000000" : 17956864,
            "10.000000" : 19005440,
            "20.000000" : 20578304,
            "30.000000" : 21626880,
            "40.000000" : 22413312,
            "50.000000" : 23199744,
            "60.000000" : 24248320,
            "70.000000" : 25034752,
            "80.000000" : 26083328,
            "90.000000" : 27656192,
            "95.000000" : 29229056,
            "99.000000" : 31850496,
            "99.500000" : 33161216,
            "99.900000" : 37486592,
            "99.950000" : 76021760,
            "99.990000" : 88604672
          }
        },
        "lat_ns" : {
          "min" : 1262458,
          "max" : 92559940,
          "mean" : 23414973.264899,
          "stddev" : 3736876.219583
        },
        "bw_min" : 192258,
        "bw_max" : 313439,
        "bw_agg" : 100.000000,
        "bw_mean" : 263103.987448,
        "bw_dev" : 17597.100883,
        "bw_samples" : 239,
        "iops_min" : 1126,
        "iops_max" : 1630,
        "iops_mean" : 1364.845188,
        "iops_stddev" : 95.958440,
        "iops_samples" : 239
      },
      "write" : {
        "io_bytes" : 32200117248,
        "io_kbytes" : 31445427,
        "bw_bytes" : 268332074,
        "bw" : 262043,
        "iops" : 1362.480313,
        "runtime" : 120001,
        "total_ios" : 163499,
        "short_ios" : 0,
        "drop_ios" : 0,
        "slat_ns" : {
          "min" : 2725,
          "max" : 24359048,
          "mean" : 719036.620428,
          "stddev" : 891098.040148
        },
        "clat_ns" : {
          "min" : 1533,
          "max" : 92001162,
          "mean" : 22781508.661055,
          "stddev" : 3642502.387152,
          "percentile" : {
            "1.000000" : 15532032,
            "5.000000" : 17432576,
            "10.000000" : 18481152,
            "20.000000" : 19791872,
            "30.000000" : 20840448,
            "40.000000" : 21889024,
            "50.000000" : 22675456,
            "60.000000" : 23461888,
            "70.000000" : 24248320,
            "80.000000" : 25559040,
            "90.000000" : 27131904,
            "95.000000" : 28442624,
            "99.000000" : 31064064,
            "99.500000" : 32374784,
            "99.900000" : 36438016,
            "99.950000" : 70778880,
            "99.990000" : 88604672
          }
        },
        "lat_ns" : {
          "min" : 1251116,
          "max" : 92553097,
          "mean" : 23500705.652060,
          "stddev" : 3731906.291507
        },
        "bw_min" : 229320,
        "bw_max" : 297528,
        "bw_agg" : 100.000000,
        "bw_mean" : 262108.912134,
        "bw_dev" : 15161.097284,
        "bw_samples" : 239,
        "iops_min" : 1056,
        "iops_max" : 1590,
        "iops_mean" : 1362.309623,
        "iops_stddev" : 89.817207,
        "iops_samples" : 239
      },
      "trim" : {
        "io_bytes" : 0,
        "io_kbytes" : 0,
        "bw_bytes" : 0,
        "bw" : 0,
        "iops" : 0.000000,
        "runtime" : 0,
        "total_ios" : 0,
        "short_ios" : 0,
        "drop_ios" : 0,
        "slat_ns" : {
          "min" : 0,
          "max" : 0,
          "mean" : 0.000000,
          "stddev" : 0.000000
        },
        "clat_ns" : {
          "min" : 0,
          "max" : 0,
          "mean" : 0.000000,
          "stddev" : 0.000000,
          "percentile" : {
            "1.000000" : 0,
            "5.000000" : 0,
            "10.000000" : 0,
            "20.000000" : 0,
            "30.000000" : 0,
            "40.000000" : 0,
            "50.000000" : 0,
            "60.000000" : 0,
            "70.000000" : 0,
            "80.000000" : 0,
            "90.000000" : 0,
            "95.000000" : 0,
            "99.000000" : 0,
            "99.500000" : 0,
            "99.900000" : 0,
            "99.950000" : 0,
            "99.990000" : 0
          }
        },
        "lat_ns" : {
          "min" : 0,
          "max" : 0,
          "mean" : 0.000000,
          "stddev" : 0.000000
        },
        "bw_min" : 0,
        "bw_max" : 0,
        "bw_agg" : 0.000000,
        "bw_mean" : 0.000000,
        "bw_dev" : 0.000000,
        "bw_samples" : 0,
        "iops_min" : 0,
        "iops_max" : 0,
        "iops_mean" : 0.000000,
        "iops_stddev" : 0.000000,
        "iops_samples" : 0
      },
      "sync" : {
        "lat_ns" : {
          "min" : 0,
          "max" : 0,
          "mean" : 0.000000,
          "stddev" : 0.000000,
          "percentile" : {
            "1.000000" : 0,
            "5.000000" : 0,
            "10.000000" : 0,
            "20.000000" : 0,
            "30.000000" : 0,
            "40.000000" : 0,
            "50.000000" : 0,
            "60.000000" : 0,
            "70.000000" : 0,
            "80.000000" : 0,
            "90.000000" : 0,
            "95.000000" : 0,
            "99.000000" : 0,
            "99.500000" : 0,
            "99.900000" : 0,
            "99.950000" : 0,
            "99.990000" : 0
          }
        },
        "total_ios" : 0
      },
      "job_runtime" : 120000,
      "usr_cpu" : 0.944167,
      "sys_cpu" : 3.656667,
      "ctx" : 242602,
      "majf" : 0,
      "minf" : 15,
      "iodepth_level" : {
        "1" : 0.000000,
        "2" : 0.000000,
        "4" : 0.000000,
        "8" : 0.000000,
        "16" : 0.000000,
        "32" : 0.000000,
        ">=64" : 100.000000
      },
      "iodepth_submit" : {
        "0" : 0.000000,
        "4" : 100.000000,
        "8" : 0.000000,
        "16" : 0.000000,
        "32" : 0.000000,
        "64" : 0.000000,
        ">=64" : 0.000000
      },
      "iodepth_complete" : {
        "0" : 0.000000,
        "4" : 99.999695,
        "8" : 0.000000,
        "16" : 0.000000,
        "32" : 0.000000,
        "64" : 0.100000,
        ">=64" : 0.000000
      },
      "latency_ns" : {
        "2" : 0.000000,
        "4" : 0.000000,
        "10" : 0.000000,
        "20" : 0.000000,
        "50" : 0.000000,
        "100" : 0.000000,
        "250" : 0.000000,
        "500" : 0.000000,
        "750" : 0.000000,
        "1000" : 0.000000
      },
      "latency_us" : {
        "2" : 0.010000,
        "4" : 0.000000,
        "10" : 0.000000,
        "20" : 0.000000,
        "50" : 0.000000,
        "100" : 0.000000,
        "250" : 0.000000,
        "500" : 0.000000,
        "750" : 0.000000,
        "1000" : 0.000000
      },
      "latency_ms" : {
        "2" : 0.010000,
        "4" : 0.010000,
        "10" : 0.010000,
        "20" : 18.371991,
        "50" : 81.559887,
        "100" : 0.076980,
        "250" : 0.000000,
        "500" : 0.000000,
        "750" : 0.000000,
        "1000" : 0.000000,
        "2000" : 0.000000,